actual,predicted,cancellation_probability
0,0,0.32912034985812894
0,0,0.34627250640276586
0,0,0.247155704333835
1,0,0.08637467543349898
0,0,0.1463136324190522
0,1,0.5790632639799613
0,0,0.41034235887897436
0,0,0.4438132988073113
0,0,0.3371535967205903
1,0,0.23695205537926123
0,0,0.44534357697019555
0,0,0.3888286799378061
0,0,0.2559059315486249
0,0,0.3977225708452483
0,0,0.3516634699301669
0,0,0.3772993096669513
0,0,0.23287720914494198
0,1,0.6079720846779466
0,0,0.3385132043124546
0,0,0.3738589348129121
0,0,0.24274688029835081
1,0,0.22088882060205592
0,0,0.3014717186000761
0,0,0.27686934267429625
0,0,0.46983178605067794
0,0,0.3446251675837332
0,0,0.3745790817475598
0,0,0.37171187988125565
0,0,0.2773570036903033
0,0,0.41268430812399953
0,0,0.4333158928971219
0,0,0.30421456666064506
0,0,0.38009142581938565
1,0,0.46972161730593
0,0,0.3551741488243588
0,0,0.41382335734908693
1,0,0.425954644216214
0,0,0.3530168087453891
0,1,0.5390334629919253
0,0,0.36638916078674105
0,0,0.30405068231858756
0,0,0.16489040052177303
1,0,0.1622463740053837
0,0,0.3860483377147379
1,1,0.672219780271032
0,0,0.4540144181425681
0,0,0.3923939524994619
0,0,0.4875903216067648
0,0,0.2943668678084275
0,0,0.43803921154726366
0,0,0.39068340708998583
0,0,0.4963252812558297
0,1,0.6312206227521547
0,0,0.24499696545489333
0,0,0.34543356177379436
0,0,0.4951588587206306
1,0,0.32912745947036026
0,0,0.3661719672303835
1,0,0.35344847237398364
0,0,0.2897714137538613
0,0,0.34417679492127584
0,0,0.2789041789412634
0,0,0.38393657201762155
0,0,0.38768733600905636
0,0,0.22002055061858977
0,1,0.5134457170560286
0,0,0.4929462669812127
0,0,0.3782417380254529
0,0,0.46218712955056485
0,0,0.37857941407295115
0,0,0.43169547422898147
0,0,0.41397521628626893
0,0,0.44142443501523965
1,0,0.32500005343240623
0,0,0.20004322976973168
0,0,0.24625511250563742
0,0,0.21819384238060593
0,1,0.5079811115307016
0,0,0.2176531528288881
0,0,0.3644075408023808
0,0,0.3823220074769095
0,0,0.2628178349428348
0,0,0.286036645474587
0,0,0.2738303442129529
0,0,0.3007250281967774
0,0,0.2356681898646112
0,0,0.24599090502633564
0,0,0.1562310242223535
0,0,0.3273754446795647
0,0,0.3655703074451345
0,0,0.26191667185091905
0,0,0.21913067588338472
1,0,0.25133139212043276
0,0,0.12743856316307256
0,0,0.35970239407226845
0,0,0.24074696981948976
0,0,0.08393354264782836
0,0,0.44056946457424717
0,1,0.5043169183811291
0,0,0.285065307327853
0,0,0.21276832726097428
0,0,0.3110894187081161
1,0,0.31801631646037015
0,0,0.2743041144974258
0,0,0.2865904654539117
0,0,0.37420315329036313
0,0,0.3914893713087037
0,0,0.13565584723918056
0,0,0.2830144443133218
0,0,0.25678873468579344
0,1,0.5075988896734114
0,0,0.2880915552484438
0,0,0.16546574160899918
1,0,0.31037357534982585
0,0,0.21292495157348093
0,0,0.3005603952951734
0,1,0.5479063934748198
0,1,0.5946179950449774
0,0,0.40268189947724675
0,0,0.34551500523455997
0,1,0.6536797340873324
0,0,0.19547006985937193
1,0,0.29914014151272056
0,0,0.44580964011603197
0,0,0.3240300490160803
0,0,0.21325983522038047
1,0,0.1755629760580741
0,0,0.31888299405067905
0,0,0.14640083937104056
0,0,0.1851937730974428
0,0,0.2025054454383201
0,0,0.1534903576161322
0,1,0.5409826391211826
0,0,0.2619706628338981
0,1,0.5736026941717141
1,1,0.5544860795739639
0,0,0.37991964238822035
0,0,0.24099783023305932
0,0,0.37715593374837636
0,0,0.37858698448119815
0,0,0.3338841707111831
0,0,0.42473908953581085
0,0,0.18848108590755647
0,0,0.301708556575783
0,0,0.2853023791029506
0,0,0.31716506179006176
0,0,0.41605240128235477
0,0,0.42086183837654423
1,0,0.09019186097127273
0,0,0.2641626432696129
0,0,0.2329750779059278
0,0,0.26857641844787156
0,0,0.3366781090486091
0,1,0.5155991903172755
0,0,0.31617658048579095
0,0,0.4066939377164802
0,0,0.32304287351222316
0,0,0.26304076443590513
1,0,0.4389906958320615
0,0,0.41570491555366135
1,0,0.23769697498186237
0,0,0.328808809232406
0,0,0.19536036714777116
0,0,0.26259822872328004
0,0,0.2254279257361964
0,0,0.3464125226470249
0,0,0.290957914753423
0,0,0.43156251619429564
0,0,0.4920948286836527
1,0,0.2567797670797123
0,0,0.3934520872149401
0,0,0.49168923374314205
0,0,0.3117552629299068
0,0,0.37982236295839217
0,0,0.3503231801311036
0,0,0.4653562336607288
0,0,0.20480826190429208
0,1,0.593631929787203
0,1,0.6013485118332462
1,0,0.2711985905604222
1,0,0.35287574842303204
1,0,0.26649180703489894
0,0,0.2086818480547546
0,0,0.14831277879551544
0,1,0.7801048114775778
0,0,0.21293996317770822
0,0,0.26725080716633265
0,0,0.41201852755996987
0,0,0.47006749102784207
1,0,0.2565689721138637
0,0,0.27426993054614535
1,0,0.26044265965899965
0,0,0.4936519844820927
0,0,0.4760438863996913
0,1,0.5853879077096538
0,1,0.5741093408834331
0,0,0.2989740972151135
0,0,0.2242896751617517
0,0,0.42977491721521516
0,0,0.18319006372573346
0,0,0.21963366110444527
0,0,0.3008319917153036
1,0,0.2124093910263327
0,1,0.5195136270588907
0,0,0.359887059743257
0,0,0.2458108943803839
0,0,0.2770840346496333
0,0,0.25691201438491706
0,0,0.43529315516195166
0,0,0.33560364328156295
0,0,0.16866871162591063
0,1,0.5240340895189688
0,0,0.4471433799983122
0,0,0.2847813995273048
0,0,0.42431923899403307
0,0,0.437148616705274
0,0,0.47608669364122896
0,0,0.29146029203874024
0,0,0.32059539353877253
1,1,0.514819382718308
0,0,0.37747657353047953
0,0,0.4355574259737664
0,0,0.2860767542914601
0,0,0.17101003158061986
0,1,0.5311958116765828
1,0,0.497927501332654
0,0,0.15977151908023945
1,0,0.3026191356911438
0,0,0.3141008107517002
0,0,0.4231324674923744
0,0,0.21448983414812886
0,0,0.16206293026145968
0,0,0.2570323252529135
0,0,0.256999845757701
0,0,0.43049208888818846
0,0,0.24376812798961917
0,0,0.37575049791226245
0,0,0.3697135742449744
1,0,0.24517561878202215
0,0,0.4372882975815866
0,0,0.21561623226872584
0,0,0.3235477381813589
0,0,0.20477402010277396
0,0,0.45227443072252593
0,0,0.3951122148778767
0,0,0.24455760112066632
0,0,0.35931122887928607
0,0,0.17931377185576336
0,0,0.3098663225844597
0,0,0.3779352763018416
0,0,0.3879394150096551
0,0,0.4534698935035064
0,0,0.20475238256367284
0,0,0.4688911764527108
0,0,0.40462147970260104
0,1,0.6278316008259256
0,0,0.39635482928030685
0,0,0.305549837181534
0,0,0.3027474506322045
0,0,0.2167581404931349
0,0,0.18883001506403044
0,0,0.33459592082753825
0,0,0.280670823831516
0,0,0.3714852391688686
0,0,0.1917152706807879
0,0,0.40415506400730744
0,0,0.3533182110806506
0,0,0.4859378074452757
0,0,0.42835144775579864
0,1,0.5097093908520025
1,0,0.481776076498037
0,0,0.45155080404675907
0,0,0.12263692350534458
0,1,0.5550677565046904
0,0,0.3839061273693625
0,0,0.2973191702828052
0,0,0.17736866300204224
0,0,0.4525515653318294
0,0,0.38045667927073384
0,0,0.15778206004632944
1,0,0.3331883304331832
0,1,0.6310912861624982
0,0,0.39436087681481535
0,0,0.33836921770848494
0,0,0.308727194102194
0,0,0.3629908111340555
0,0,0.3006344569487807
0,0,0.17558126447354383
0,0,0.11884151112954358
0,0,0.20825992401318477
0,0,0.3325408324033643
0,0,0.2737619820553258
0,0,0.47327120526294314
0,0,0.19713891158543745
0,0,0.3367564604752898
0,0,0.4362842477392262
0,0,0.43827187786031935
0,0,0.2801056287740858
0,0,0.18676937876937874
0,0,0.21440382174947387
0,0,0.47725689216375483
0,0,0.3897309234990746
1,1,0.5462096111927303
0,0,0.1633863383348677
0,0,0.4290055896215879
0,0,0.3539635591573676
0,0,0.480706246007449
0,0,0.4615928885159635
0,0,0.18028402412609984
0,0,0.38689469086847583
1,0,0.37881930030786
1,0,0.4551854134133558
0,0,0.31992170574849144
0,0,0.3312421442091426
0,0,0.32506274623122416
0,0,0.15936925340394328
1,0,0.2846804723694428
0,0,0.39472579094628585
0,0,0.35181130960542734
0,0,0.41007872361073
0,1,0.5599169996763381
0,0,0.27239509468009676
0,0,0.27489139041545907
0,0,0.3678204984465019
0,0,0.39865734728304925
0,0,0.35858064152642716
0,0,0.259241413593997
0,0,0.1625035408491291
0,0,0.15505982949275793
1,0,0.3209684610460345
0,0,0.22207178915078069
0,0,0.45386298822938775
0,0,0.288343177675893
0,0,0.27990694630761487
1,1,0.5068284171925502
1,0,0.3377437001270334
0,0,0.37593144803462175
0,0,0.4447680908191831
0,0,0.37344053982238445
1,0,0.34192171953479744
0,0,0.34163543204054075
0,0,0.3566666185020626
0,0,0.37079789316076045
0,0,0.4107958301649061
0,0,0.41888985323647177
0,0,0.15792241125590267
0,0,0.2792746798690885
0,0,0.3075642779722678
0,0,0.17165796326648575
0,0,0.33593560494984637
1,0,0.33798066564902535
0,0,0.15343083423567377
0,0,0.17199347202161056
0,0,0.4877028044845802
0,0,0.39879103940259397
1,0,0.4490695101180201
0,0,0.4218037214451648
0,1,0.512234247912216
0,0,0.479450373599605
0,0,0.3743608713490346
0,1,0.5166469118729158
0,0,0.16747260548547313
1,0,0.46889754584666415
0,1,0.6093792997706478
0,0,0.341886219717102
1,0,0.3368343410162178
0,0,0.2699692649832717
0,0,0.45152428068760125
0,0,0.4196611261722315
0,0,0.25238995471162645
0,0,0.17295337168830355
0,0,0.4603594622170268
0,0,0.1953183216470822
0,0,0.24291255820369193
0,0,0.30468299423887646
0,0,0.3512122531944569
0,0,0.37950750753783113
0,0,0.24710658677295855
1,0,0.3682362146558481
0,1,0.5683050350278079
0,0,0.32436681822649327
0,0,0.3794636508596953
1,0,0.33894167452140395
0,0,0.14447163147453912
0,0,0.3299592714233172
0,0,0.3477293698439902
1,0,0.47556534496731007
0,0,0.23370926398688677
0,0,0.40649757010070126
0,1,0.5893396394544339
0,0,0.3175881208377561
0,0,0.1645845838943665
0,0,0.1411288785206654
0,0,0.33846508474041775
0,0,0.28656466340421155
0,0,0.18048536798884834
0,0,0.21807577577651102
1,0,0.18408140032868123
0,0,0.35203620599299673
0,1,0.5832856533271885
0,0,0.3289737443499055
1,0,0.257739839408957
0,1,0.5359248639077147
0,0,0.3186048432142514
1,0,0.39033689955054524
0,0,0.26865630442249605
0,0,0.300317926027825
0,0,0.233197694231188
0,0,0.29987069640332625
1,0,0.3108777195027194
0,0,0.44370417235416626
0,0,0.2061816626642478
1,1,0.7552463961037764
0,0,0.1425076005993765
0,0,0.43831711288927927
0,1,0.5872079423987319
0,0,0.3584689204674714
0,0,0.4379885328391082
0,0,0.35183180076653625
0,0,0.19827543456827343
0,0,0.43480680149371653
0,0,0.20063703605374955
0,0,0.32612358693937626
0,0,0.2418463518944732
0,0,0.34662816802839763
1,0,0.1577695846049806
1,0,0.2632760845702022
1,0,0.3297174138084117
0,0,0.2537011518686184
0,0,0.21029106971992936
0,0,0.2174686463386153
0,0,0.1685703500135765
0,0,0.308543096061212
0,0,0.393626109821937
1,0,0.34741802367607855
0,0,0.4500617322543833
0,0,0.3730594300113918
0,0,0.2915852993565661
1,0,0.22962521454519694
1,0,0.3113505697623345
0,0,0.42298958624616495
0,0,0.3116437208166717
0,0,0.31656438178742097
0,0,0.2576080787232146
0,0,0.43829537819517167
0,0,0.3854482166153992
0,0,0.37918781214737424
0,0,0.41313925211273866
0,0,0.31070068709967025
1,0,0.3974758857700034
0,0,0.2516685123072264
0,1,0.5343389507758249
0,0,0.3831529698046961
0,0,0.15178216187696783
1,1,0.5235431062689452
1,0,0.41943593458395234
0,0,0.1980265259431926
0,0,0.2441988343933062
0,0,0.0876850983983337
0,0,0.30061686754207734
0,1,0.5031047737097177
0,0,0.4608777932266042
0,1,0.6429687815906528
1,0,0.2392349091146897
1,0,0.298184752466484
0,0,0.17802162004042124
1,0,0.16357473666559683
0,0,0.2807351762661298
1,0,0.128063247639873
0,0,0.43670808635650626
1,0,0.22384840979904003
1,0,0.25377442219165475
0,0,0.2154084135678562
0,0,0.15913473966830746
0,1,0.5361577389486908
1,0,0.43180485978371524
0,0,0.33514462432216663
0,0,0.40163781187989356
0,0,0.24212302818456474
1,0,0.4876141710925793
0,0,0.43915801745400984
0,0,0.23327788163338023
0,0,0.40354336144519715
0,0,0.37384851214997206
1,0,0.34384627582634947
0,0,0.28497973620680384
0,0,0.29210566141990485
0,0,0.255045415477996
0,0,0.21733318961702655
0,0,0.258399995662782
0,0,0.4898571563937922
0,0,0.32444471231556204
1,0,0.34507825298618255
0,0,0.21472214453160737
0,0,0.16720710005843387
0,0,0.39297030095383545
1,1,0.576366592132785
0,0,0.3456500697448463
0,0,0.2770283746169234
0,0,0.3965368325539246
0,0,0.19985852578650215
0,0,0.4025276962623825
1,0,0.24634909160366286
0,0,0.4354103385713303
0,0,0.32472962148688694
0,0,0.3428508181893363
0,0,0.38339765763269573
0,0,0.2013155934329614
0,0,0.3149341709328789
0,0,0.2648413909795488
0,0,0.45964828994215734
0,0,0.3613228222262291
0,0,0.250782705160678
0,0,0.13110303964941142
0,0,0.24178943399595554
0,1,0.530211408697227
0,0,0.32921370112822174
0,0,0.2633219959053292
0,0,0.4439290662607645
0,0,0.443728163757525
0,0,0.3138704822303449
0,0,0.32269912537869194
1,0,0.3498244743719908
0,0,0.30199650742536976
0,0,0.26883340992121824
0,0,0.24637782771322225
0,0,0.3063981328182096
0,0,0.4719912485780059
0,0,0.3535809174578471
1,1,0.5528295385407584
0,0,0.1534562580694159
0,0,0.41833724021324914
0,0,0.24273478155047207
0,1,0.6543476091473519
0,0,0.1952789260907964
0,0,0.45487422847980646
0,0,0.2590187167676686
1,0,0.289830242316916
0,0,0.2079442623010322
0,0,0.18332230992364537
1,0,0.29634371936450754
0,0,0.2714076267753326
0,0,0.3668360674169549
1,0,0.42773744260124325
0,0,0.21838687680613272
0,0,0.360251991067097
0,0,0.3658665087811196
0,0,0.19226941162893546
0,0,0.2594354263125934
0,0,0.31086467003612755
0,0,0.28760620986171836
0,0,0.3229882423077223
0,0,0.24730715350328586
0,1,0.6978696277215486
0,1,0.5846868481831493
0,1,0.5197134969203383
1,0,0.1158085963799183
0,0,0.3205793522210486
1,0,0.3881094426878971
0,0,0.1938605475232549
0,0,0.42195497958067596
0,0,0.3549552557664058
0,0,0.1990110659648702
1,0,0.2461164925937944
0,0,0.3918806327574064
0,1,0.593872902874184
0,0,0.4559534752456579
1,0,0.2706670091619082
0,1,0.5281058657039679
0,0,0.28103039747367475
0,0,0.32965920420396116
0,1,0.5652156438556741
0,0,0.4195113764947355
0,0,0.41229085729765685
1,0,0.33922043852774064
0,0,0.4260275305871143
0,0,0.3947279295481078
1,0,0.3512248650999823
0,1,0.7173213895714935
0,0,0.3964192837737892
0,0,0.3139155592051684
0,0,0.35668832524553823
1,1,0.5069721166491389
0,0,0.40638897002150315
0,0,0.23712833673615294
0,0,0.3208255289747018
1,0,0.2516921504421504
0,0,0.25217289136022736
0,1,0.5568493876397668
0,0,0.22542622596664647
0,0,0.20321547532853348
0,0,0.42175345735126657
0,0,0.1558869772850675
1,1,0.5552813349584946
0,0,0.23054733239310451
0,1,0.7427674210815481
1,0,0.4401497574746807
0,0,0.24186992870677082
0,0,0.18385211432711435
1,0,0.25236682656852083
0,0,0.43641171678338464
1,0,0.1778253906587239
0,0,0.46924094586395987
0,0,0.2321752824807766
0,0,0.19940171380527058
0,0,0.42143838938642975
0,0,0.19899710550715852
0,0,0.22383111222719426
0,0,0.473158252039921
0,0,0.36558928038781674
0,1,0.7667486792006938
0,0,0.3025374616486063
0,0,0.3318972246429247
0,0,0.3028750844695687
0,0,0.31285092282450705
0,0,0.30095023303559887
0,0,0.3393748069029107
0,0,0.1818925801353643
0,0,0.26893577906980504
0,0,0.40043209044500866
0,0,0.2941282421282419
1,0,0.32569807400297573
1,0,0.49949726539993045
0,0,0.2824930101266617
0,0,0.44359449332164935
0,0,0.2975456446659463
1,0,0.3721121994406586
0,0,0.3948772398449816
0,0,0.3694486618354399
0,0,0.31011821026506253
0,0,0.4452280076554269
0,1,0.5885317322725917
0,0,0.23972707792637446
0,0,0.27279439879640033
0,0,0.3418516397889462
1,0,0.43115080260869726
0,0,0.3633457039556537
0,0,0.29841499170514435
0,0,0.41055385759426355
0,0,0.21899794216928073
1,0,0.24416371634863598
0,0,0.3040439555780866
0,0,0.37532902928000994
0,0,0.3794147160731828
0,0,0.29902333707170203
0,0,0.3294531437730642
0,0,0.26718204002147383
1,0,0.3092311325975199
0,0,0.23476927883893198
0,0,0.4733546951729606
0,0,0.28066680615204975
0,0,0.28341377021340924
0,0,0.28641767704289
0,1,0.5171847802723092
0,0,0.37771196782589117
0,1,0.5077530185280493
0,0,0.15514523929229818
0,0,0.4280039923728867
0,0,0.24431331727838695
0,0,0.2645975967569104
0,0,0.32745401122526047
0,0,0.2939095791424837
1,0,0.2176963491690382
0,0,0.3705707039744541
0,0,0.2577081335532423
0,0,0.24013135495370647
0,1,0.5598485781343562
0,0,0.37282080704069015
0,0,0.45252629623299945
0,0,0.48595926462324013
0,0,0.46785858406920844
0,0,0.345737833945112
0,0,0.23052734681776035
0,0,0.23316673409483513
0,0,0.46468576698594766
1,0,0.23011104796974352
0,0,0.2127878537316265
0,0,0.45233845849620563
0,0,0.4314743975558491
0,0,0.23754102335572913
0,0,0.449292443636005
0,1,0.5926494333795874
0,0,0.4445390815637988
0,0,0.17903542608748785
0,0,0.30655438369221943
0,0,0.3866121090782853
0,0,0.3650223780737969
0,0,0.2365467506088169
0,0,0.4955379248953588
0,1,0.5624228976580542
0,0,0.3546488253273095
0,0,0.4766397999391167
0,0,0.33177765555351735
0,0,0.16097949774661235
0,1,0.5180094366706594
0,0,0.25072626211053317
0,0,0.2285897297147297
0,0,0.0994546340024307
0,0,0.381868698354063
0,0,0.25687821335564737
0,0,0.314969552996654
0,0,0.2452379609639983
0,1,0.5174045272005632
0,0,0.3276627941918189
0,0,0.1756323438987913
0,0,0.3432292572809599
0,0,0.3233761244826013
0,0,0.2319672868876258
0,0,0.2998579759886289
0,0,0.3345010463035141
0,0,0.314676891047661
0,0,0.3543181722388379
0,0,0.1196136589476684
0,0,0.2926285723110879
0,0,0.43749542678339753
1,0,0.2295934507314151
0,0,0.4625691123075647
0,0,0.3319240016046281
1,0,0.31295910599442867
0,0,0.3792454682481642
0,0,0.4383312223629978
1,0,0.45074199625887457
0,1,0.5318374114465194
0,0,0.2919822507096598
0,0,0.2154161661244791
1,0,0.4618407607770273
0,0,0.2710895808068325
1,0,0.3344687106288213
0,0,0.2812444679415283
0,0,0.387058064320123
0,0,0.458373089387158
1,0,0.3044602844325285
0,0,0.24891557193791053
0,0,0.3726600625372135
0,1,0.5036567651379051
0,0,0.2553102625988848
0,0,0.2786495473599053
0,1,0.5460809747923607
1,0,0.2670740593828827
1,0,0.37680011667915686
0,0,0.20358005118249015
0,0,0.46752832328490207
0,0,0.3056450179863367
0,0,0.14716114767585353
0,0,0.3090762078524901
0,1,0.634271583499064
0,0,0.20896882388777618
1,0,0.34842462061526935
0,0,0.22068184905224206
1,0,0.34120081998136953
0,0,0.26888776741534004
0,0,0.17234524446945795
0,0,0.2060870367274703
0,0,0.21113890303451177
0,0,0.13528631115802633
0,0,0.17456428513396444
1,0,0.4005708014749946
0,0,0.17096022506022507
0,0,0.494909470703588
0,0,0.27640703928424504
0,0,0.475612654079337
1,0,0.25235355867672016
0,0,0.2969495818938542
0,0,0.4595514756300755
0,0,0.3905247395920082
0,0,0.3597561420886322
0,0,0.44862452630594335
0,0,0.22461118611166758
0,0,0.33647418396418377
0,0,0.3774895431614335
0,0,0.19712182869645556
1,0,0.4338051659662104
0,0,0.45945730583705946
0,0,0.28077590289354976
0,0,0.29594924363977604
0,0,0.266812825742838
0,0,0.19591378245314503
0,0,0.27756480667047356
0,0,0.3802353307146406
0,0,0.21140207026243674
0,0,0.2573809840952697
0,0,0.3771651511792799
1,0,0.2637347008396727
0,0,0.18887939047894545
0,0,0.2870015391041705
0,1,0.5717577880652881
1,0,0.2500019604433574
0,0,0.22083373922184657
0,0,0.3216418057030369
1,0,0.21377273172827643
0,0,0.22152306395295354
0,0,0.4133525544393353
0,0,0.3112555546470657
0,0,0.36432250827593954
1,0,0.16188555410566582
0,1,0.627261024000322
0,0,0.14095659833993165
0,0,0.49017429267324425
0,0,0.31796824960197706
0,0,0.374349478860748
0,0,0.2979953067801363
0,0,0.21107190630720044
1,0,0.3247734181638745
0,0,0.40127411887218367
0,0,0.3777228457128687
0,0,0.3003531712832185
0,0,0.3407907720810068
0,0,0.23189147338303176
0,0,0.40485037871754326
1,0,0.14405430495430496
0,1,0.599317078997379
0,0,0.43422956715882416
0,1,0.6027268587088419
0,0,0.28139286785490586
0,0,0.3929872126815968
0,0,0.2724807183557183
0,0,0.34655885505022715
0,0,0.30153212939664437
1,0,0.2790103895616968
1,1,0.569790860437861
0,0,0.4569249743098437
0,0,0.1606033566726632
0,0,0.34827226844266634
0,0,0.31172492777545885
0,0,0.3669980474749129
1,0,0.13528684150426437
0,0,0.40341193679181214
0,0,0.42490516390896255
0,1,0.6043376967159088
0,0,0.3362801220008682
0,0,0.25657321595932386
0,1,0.520916035295953
0,0,0.23880557308370606
1,0,0.27999613144787733
0,0,0.38745527725310747
0,0,0.16013889996462105
1,0,0.1939219315521899
0,0,0.26958259339582863
1,0,0.19644316616805366
0,0,0.23538417383270313
0,0,0.4819349971016637
0,0,0.19663917384072177
0,0,0.45793936914721267
1,0,0.17406541289615382
0,0,0.17345659151929804
0,0,0.4028181607573784
1,0,0.2628719803015468
1,0,0.33043628081100723
1,0,0.42500715486811125
0,0,0.3221058714820323
0,0,0.29746360311801484
0,0,0.39386388796329536
0,0,0.23137347889700716
0,1,0.5228551457257341
0,0,0.3395317682021661
0,0,0.49856067178333663
0,1,0.5401590320185521
0,0,0.24720576591164825
0,0,0.3741800414149815
0,0,0.4283589697044412
0,0,0.26269781686925453
0,0,0.09061675793293442
0,0,0.3643699818212975
0,0,0.48190481656966444
0,0,0.39262880371382436
1,1,0.5454384529410204
1,0,0.29373133784859784
0,0,0.3154436100117891
0,0,0.28467070327906235
0,0,0.4795721317899592
0,0,0.27198482564028775
0,0,0.3071196277535996
0,0,0.2109685666757918
0,0,0.48971270735443967
1,0,0.47376868972131736
0,0,0.45079098591950867
0,0,0.16393368873356226
0,0,0.3748160023458769
0,0,0.4132016353800169
0,0,0.22711894941716915
0,0,0.22583225800659382
1,0,0.40767188700519896
0,0,0.4547069565510023
0,1,0.6147513404777469
0,0,0.28613644368411495
0,1,0.6478891859198864
1,0,0.4676755335068256
0,0,0.12158510259317885
0,0,0.314684793475959
0,0,0.37183957809571844
0,0,0.28381274922807176
0,0,0.16934169051622608
0,0,0.3967689657836716
0,0,0.3107493173645392
0,0,0.17244550361029673
0,0,0.13628078816894604
0,0,0.32025636889951004
0,0,0.13866065804128
0,0,0.43613588443005746
0,0,0.29992593625650793
0,1,0.5214940521287226
0,0,0.26282610370285087
0,0,0.1572985893735894
0,1,0.5974711936716333
1,0,0.254431125500684
0,0,0.2875114908559916
0,0,0.34635879314817325
0,0,0.2549123463968665
1,0,0.3167323973354933
0,0,0.30480658793158794
0,0,0.30583218492731545
0,0,0.25107067744967637
0,0,0.21004739722876978
0,0,0.3977724342507623
0,0,0.2898859102483243
1,0,0.39403053778955555
0,0,0.31962999632642486
0,0,0.27157248138162116
0,0,0.1680804590309864
0,1,0.5106841090046508
0,0,0.24914330734528703
1,0,0.14636109142822692
0,0,0.37705920033181384
0,0,0.21875867770867324
0,0,0.4368182540579341
0,0,0.2505568278515193
1,0,0.2001228525082189
0,0,0.3471175770107656
0,0,0.1570961563641592
0,0,0.31246907080374814
0,0,0.3630489281822707
0,0,0.3453062688554974
0,1,0.6346546031065892
0,0,0.3840802314157576
0,0,0.28060045980553755
1,0,0.274257381697236
0,0,0.28688653383557916
0,0,0.2660692265432334
0,0,0.2682277792383055
0,0,0.298029121998104
0,0,0.25631773019226334
0,0,0.4656335014692854
0,0,0.2715913629198458
0,0,0.1711144489995437
0,0,0.28062169346534666
0,0,0.4460701990469544
0,0,0.39071201206035794
1,0,0.18045753431949196
1,0,0.3199624233691828
0,0,0.153423610102107
0,0,0.26162919620509056
1,1,0.5571889196043607
0,0,0.4104375977586183
0,0,0.20653307121728168
0,0,0.3918430007029752
0,0,0.17473885932632824
0,0,0.17579735526360238
0,0,0.27912526855619957
0,0,0.29311692077169343
0,0,0.22432776920142553
0,0,0.19990822373880088
0,0,0.47835600574101717
1,0,0.44973620795460295
0,0,0.33578185295672464
0,0,0.2932046688254388
0,0,0.1431284201264852
0,0,0.35141396242789413
0,0,0.3129999960039351
0,0,0.2528470791806469
0,0,0.2671362004980425
1,0,0.4608661125864926
0,0,0.3436842582941652
0,0,0.17692769265136435
1,0,0.3041109416052208
0,0,0.4365638289393092
0,0,0.3269511919403332
0,0,0.28967387656576976
0,0,0.4231051662044381
0,0,0.12346330159943518
0,0,0.31546118404013107
1,0,0.30006616520744006
0,0,0.16907469938970235
0,0,0.2952089259394695
0,0,0.23902624270789313
0,0,0.38857216233612674
0,0,0.3321000140356064
0,0,0.2815914274293873
0,0,0.3372671351887037
0,0,0.20730509868553343
0,0,0.3170879132681131
1,0,0.3247565405403817
0,0,0.24117040182087915
0,0,0.3524232948545143
0,0,0.2892894182252025
0,0,0.3154745451977195
0,0,0.28690282744630563
0,0,0.45474189651522284
0,0,0.35529287457539377
0,0,0.2601542485292484
0,0,0.2326469845513963
1,0,0.26985193590379336
0,0,0.49771903013186497
0,0,0.14621593976717157
1,0,0.2194421830710469
0,0,0.27283340363775105
0,0,0.24296750058957053
0,0,0.25664816210596264
0,0,0.30067484656650123
0,0,0.2884598145703026
0,0,0.36076154087783446
0,0,0.3370772508734869
0,1,0.5199831371478463
0,0,0.27644782246029026
0,0,0.4134508833597274
1,0,0.14674176341088105
0,0,0.3752594314387451
0,0,0.23431613996526277
0,0,0.30190020436091747
0,1,0.5152049641196835
0,0,0.31400289936075204
0,0,0.2704026822302173
0,0,0.31190289641046637
0,0,0.14528336276179707
0,0,0.4391201062421847
0,0,0.335134147130854
0,0,0.2785813101968932
0,0,0.4952149505810604
0,0,0.1306722440380191
0,0,0.14258126797882248
0,0,0.32002645965519494
0,0,0.2663506601842754
1,0,0.26803280015192427
0,0,0.4274768894878454
0,0,0.20387809956310832
0,0,0.3853938196406227
0,0,0.43446571869822637
0,0,0.3054811256696161
0,0,0.3924052772939789
0,0,0.11638253120408795
0,0,0.41857152044872353
0,0,0.3089079362757473
0,0,0.2077538346404632
0,0,0.2422852267706333
0,0,0.4119091291678636
0,1,0.5077534834266056
0,0,0.16515637327021482
0,0,0.28072365619840045
0,0,0.28107164087551956
0,0,0.16777044250271256
0,0,0.3345630253132788
0,0,0.2681411564699557
0,0,0.35457875736848604
0,0,0.2673390059710458
0,1,0.5026783672100987
0,0,0.25244389334682976
1,0,0.13641234730873084
0,0,0.19202042653677345
0,0,0.12951064392834433
0,0,0.3342115734857468
0,0,0.3543188143097981
0,0,0.42061293531528404
0,0,0.2664247120850103
1,0,0.27688033201501433
0,1,0.5407683902498142
0,0,0.310050644596014
0,0,0.1406874881514322
1,1,0.5389568090063276
0,0,0.2439676483031305
0,0,0.21070153382257034
1,0,0.4530341788149332
0,0,0.40465994323624915
0,0,0.3401732982358808
0,0,0.27507180430443073
0,0,0.29436160501292064
0,0,0.21770593103969063
0,1,0.55672633294683
0,1,0.5743953969531573
0,0,0.40073351650462674
0,0,0.279620502195418
0,0,0.4745506121488091
0,0,0.3184421993393373
1,0,0.2904244318894552
1,1,0.5549024001859213
0,0,0.3453946841771917
0,0,0.46100131099313585
0,1,0.5082027408448527
0,0,0.2681528116820806
0,0,0.2138726543923912
0,0,0.2954710653534572
0,0,0.3941606339858606
1,0,0.33053937536620076
0,0,0.18452004032641278
0,0,0.20051824398807488
0,0,0.21303750066465316
0,0,0.22400769133757698
0,0,0.31460254609579064
0,0,0.24333117863231465
0,0,0.2714804183525397
0,0,0.3704606359893063
0,0,0.36034229188685696
0,1,0.5190734263555301
0,0,0.1858924392600863
0,0,0.36926871674687645
0,0,0.4286430837330175
0,0,0.22022125666900755
1,0,0.4725283145354112
1,0,0.3936692134169853
0,0,0.3781047286164278
0,0,0.3498424261276273
0,0,0.18631064264269717
0,0,0.2433848101947892
0,0,0.1884364464511522
1,0,0.2784443791080519
0,1,0.5174841559346424
1,0,0.22365089915634
0,0,0.3459187036942677
0,0,0.30611969558351265
0,0,0.1635790224722924
0,0,0.4423088803657441
0,0,0.2511268379405634
0,0,0.13246996327259486
0,0,0.29762518271725436
0,0,0.3910975377794303
0,0,0.23195804884932117
0,0,0.15721024009994597
0,0,0.24028865262417887
0,0,0.35217996277052593
0,0,0.4326256373005405
0,0,0.39360393655001485
0,0,0.3208841913418538
0,0,0.2718126436169736
1,0,0.31714381119395124
0,0,0.32923863414272553
1,0,0.33708509925327995
0,0,0.33317804818160734
0,0,0.3830195437066127
0,0,0.41901162039359435
0,0,0.2399233149747855
0,0,0.16677328769975827
0,0,0.21866238263315646
0,0,0.3989614430112638
0,0,0.44598812922505215
0,0,0.3615551172131969
0,0,0.37858442728295655
0,1,0.5066130447271018
0,0,0.31560622809423106
1,0,0.2817962315308171
0,0,0.23438868124513737
0,0,0.3890963795263329
0,0,0.33134259509458164
0,0,0.282762337611661
0,0,0.4807259915441484
1,0,0.2141483477138962
0,0,0.18630905416687032
0,0,0.21450861964066187
0,0,0.3779658887703227
1,0,0.132653040197141
0,0,0.20560744253063082
0,0,0.17148999302682502
1,0,0.3711421261099879
0,0,0.4875693226150949
0,0,0.3769946757051761
0,0,0.19480014738348067
1,0,0.376582219786619
0,0,0.31259834522159313
0,0,0.09792214955607717
0,0,0.3410655761073025
0,0,0.24123116708992778
0,0,0.3394151367188892
0,0,0.34333236181623744
0,0,0.17009498827196187
0,0,0.3846111977165897
0,0,0.3064530986928348
0,0,0.30028409193130984
0,0,0.3417263246483902
0,0,0.32184235237873
0,0,0.4058459186177586
1,0,0.2608795349368879
0,0,0.3159170947963835
0,0,0.29533074795574776
0,0,0.3141606884108956
0,0,0.2624066391819142
1,1,0.5228168310073512
0,0,0.17379093640277846
1,0,0.4670419348123155
0,0,0.22027115340264614
0,1,0.5322377251730955
0,0,0.31993714038446386
0,0,0.4238313141538178
0,0,0.4999505220873319
0,0,0.21651143622643018
0,0,0.27145750411534714
0,0,0.3711974958829982
0,0,0.34110996919541475
0,1,0.6599770528675183
1,0,0.4385953590810572
0,0,0.23364547915773395
0,0,0.4153514679092314
0,0,0.17501667524688833
0,0,0.3816479358255125
0,1,0.5240586399200302
0,1,0.5346732287799405
0,0,0.21408685870201438
0,0,0.42722419624006297
0,0,0.31194139870485743
0,0,0.2846226200141759
1,1,0.5548756069800286
0,0,0.2619227045586539
0,0,0.23793641270958943
0,0,0.12334307359307357
0,0,0.1570564971180616
0,0,0.380552083489387
0,0,0.11606871619293983
0,0,0.1952702960937133
1,0,0.20533395739231655
0,0,0.26054350240152485
0,0,0.4397124803594293
1,0,0.4344166619328822
0,0,0.40032178775931776
0,0,0.3325439861734751
0,1,0.5483465388068571
0,0,0.2946105242677095
0,0,0.16947592014441334
0,1,0.5106722173099413
0,0,0.10524971105828493
1,0,0.3108608198668294
0,0,0.25918948525995195
0,0,0.4795637227382046
0,0,0.3074387219361379
0,0,0.22167576875432904
0,0,0.36296398927103146
0,1,0.5236294978943661
0,0,0.41354395838786906
0,0,0.27359749894927904
1,0,0.24953783411695815
0,0,0.36908915389726804
0,0,0.2707046459016273
0,0,0.4368336587589683
0,0,0.4319823456722216
0,0,0.4398209198656536
0,1,0.5031959290887342
0,0,0.25959956509153304
0,0,0.10038627576127578
0,0,0.38923297862268447
0,0,0.4224504367098118
0,0,0.32504041426982583
0,0,0.25230551199746254
0,1,0.5653633793846443
0,0,0.4530384074610989
0,0,0.4032916490886476
0,0,0.3990424610129854
0,0,0.35013374067437547
0,1,0.6265979746852107
0,0,0.454311110616922
0,0,0.18954633146943914
0,0,0.30562157338173773
0,0,0.2580631740169346
0,1,0.5141812340041182
0,0,0.44380074423647814
0,0,0.3755545381146863
0,0,0.23906199682547527
0,0,0.24227382170674844
0,0,0.20063169861751096
0,0,0.15429068870773135
0,0,0.13129857642357642
0,0,0.33330293169619524
0,0,0.23383185325745154
0,0,0.34528600395434866
0,0,0.4031401680941082
0,1,0.707426965788292
0,0,0.1611805112041954
0,0,0.428821448609253
0,0,0.3206947644024531
0,0,0.13043089222637283
0,0,0.25055040405481577
0,0,0.31046885016550224
0,0,0.302922040004137
0,0,0.47245725826403223
0,0,0.4316008947866736
0,0,0.25830235020538966
0,0,0.18724459359921825
0,0,0.2816563015285841
0,0,0.4858755844736234
0,0,0.164311425774661
0,0,0.44593298589707575
0,0,0.24384177451445913
0,0,0.4118822460481874
0,0,0.24994939579868358
0,0,0.3008374570033944
0,0,0.2499313282312415
0,0,0.4917165505473447
0,0,0.3045202168879929
0,0,0.4134093846768522
0,0,0.3767743967863502
0,0,0.39210662554419873
0,0,0.208543652992942
0,1,0.5778750791630438
0,0,0.13962495083547719
0,0,0.27673255793417817
0,1,0.5304715795047664
0,0,0.4129395451068823
0,0,0.3250996939131388
0,0,0.22656918490006722
0,0,0.35847259158192973
0,0,0.167492439914279
0,0,0.1495162879059938
0,0,0.1946348591495649
0,0,0.38825693419727936
0,0,0.3659181431313782
0,0,0.3203202053464201
0,0,0.37777001142844197
0,0,0.20488949497389228
0,1,0.5130739084012884
1,1,0.584769100493423
0,1,0.5089717156616317
0,0,0.3325453688350107
0,0,0.1798461991211292
0,0,0.4063741788987144
1,0,0.37088204617348985
1,0,0.28062345950820566
0,0,0.37872096721143006
0,0,0.27326202879221445
1,0,0.2749555020975239
0,0,0.3823535472998124
0,0,0.1748848413834509
0,0,0.3627142883519216
0,0,0.41374540384467123
0,0,0.30153634763957576
0,0,0.2531533132411225
0,0,0.24255979336094427
0,0,0.3734612228906172
0,0,0.18592245693115259
0,0,0.3104398681837406
0,1,0.5707869254397347
0,0,0.3063202275836757
0,0,0.34779282643419035
0,0,0.30798544940433087
0,0,0.2949090296268668
0,0,0.43670607716557136
0,0,0.3389240853437246
0,0,0.25181508599609953
0,0,0.29711285482791183
0,0,0.21404846061829189
0,0,0.2640228199323026
0,0,0.286419432426463
0,0,0.3085706563551561
0,0,0.27256419910425383
0,0,0.4846875226625231
0,1,0.6176868341922924
0,0,0.3030692195071828
0,0,0.33607113506963104
0,0,0.30030370837457027
1,0,0.21765808770837505
0,0,0.2604943663621444
0,0,0.17972323972323972
0,1,0.5437325989102071
0,0,0.3680057565098587
0,0,0.3581557347036162
0,0,0.41656415820389053
0,1,0.5490133167322164
0,0,0.20092687021217623
0,0,0.1620514608847942
1,0,0.34820844528162825
0,0,0.3783558933893906
0,0,0.39399985955231687
0,0,0.3586923987867998
0,1,0.5083045155934798
1,0,0.44586760474083387
0,0,0.4236885298262375
0,0,0.17781137049561468
0,0,0.3773208767976208
0,0,0.3693825254544023
0,0,0.4286534554685357
0,0,0.3489767264581504
0,0,0.26769704813948214
0,0,0.4066841186783478
0,0,0.33723398116045167
0,0,0.36762686085585045
0,0,0.21183890613093853
0,0,0.4888186038677526
0,0,0.3119956420292211
0,1,0.520433763963595
0,0,0.2785397008774201
1,0,0.20190296531258126
0,0,0.30019939704057835
0,0,0.3797127251933087
1,0,0.2414527244333983
0,0,0.22737477843922282
0,0,0.21447634310134306
0,0,0.2773558052356425
0,0,0.2896390637770668
0,0,0.2751590207533301
0,0,0.17937174734588524
1,0,0.31367540614648454
0,0,0.32315936306845644
0,0,0.20697123958911132
0,0,0.19411561109455847
0,0,0.31047643161123556
1,1,0.5684542890894096
0,0,0.3614226296709001
0,0,0.38978432253467077
0,0,0.26116895108542915
1,0,0.38862649318727754
0,0,0.46569074798943916
0,0,0.26089257355704715
0,1,0.7227495163798698
0,0,0.322507662000309
1,0,0.23946561553914492
0,0,0.33496950291611133
1,0,0.2548539393355182
1,0,0.4798772816231212
0,0,0.39002718479314213
0,0,0.25357505209942827
0,1,0.5016077591333904
0,0,0.2446057776283396
0,0,0.22173681411181406
0,0,0.17492976373471728
0,0,0.20564133191633188
0,0,0.4154165048086928
0,0,0.4897146466266418
0,0,0.2866310556054389
0,0,0.3049134132594412
0,0,0.17869712632923
0,0,0.37899925676677365
0,0,0.34031176848206185
0,0,0.3704479501231605
0,0,0.418162424503994
1,0,0.44083303751464165
0,0,0.17005069440322051
0,0,0.2733803251947589
0,0,0.3279603080840834
0,0,0.25369885524348856
0,0,0.35009962272918066
0,0,0.41313380121016646
0,0,0.35679464829205393
0,0,0.35858431281306496
0,0,0.2361229580754469
0,0,0.23526839586398404
0,1,0.52203579630681
0,0,0.319032539703612
0,0,0.3893320967368554
0,0,0.19103587264323507
0,0,0.24624066372356967
0,0,0.48688630916988984
0,0,0.2473143681936946
0,0,0.31180036647751863
0,0,0.2930214195502449
0,0,0.3167792582938352
0,0,0.11010246235246234
1,0,0.3539484496984496
0,1,0.5810711739359512
0,1,0.5106276363671874
0,0,0.2665458646149112
0,0,0.1562621992666973
0,0,0.16463873242026641
1,0,0.4248204167481661
0,0,0.3224484940623391
0,0,0.13783465602738046
0,0,0.1632730053171229
0,1,0.5321936773620365
0,1,0.5848328970812937
0,0,0.2044382554395796
0,0,0.4209871708527793
0,0,0.12959684070020677
0,0,0.3478598920050901
1,0,0.3856620748467233
0,0,0.22666938198826736
0,0,0.41345349444279483
0,0,0.15782608436604603
0,0,0.24837303056420704
0,0,0.28516931597813944
0,0,0.3549201430770525
0,0,0.3526715114329841
1,0,0.2960713196431626
0,0,0.21645434782509076
1,0,0.33115665848026105
0,0,0.4151268748700432
1,0,0.3800804890546443
0,0,0.18162127970641898
1,0,0.2874006606166139
1,1,0.5776555459729796
0,0,0.495924212351212
0,0,0.3047434749857898
0,0,0.30408551436965603
0,0,0.3476909541076209
0,0,0.28650634276640147
0,1,0.5025552121674779
0,0,0.32921381807567585
0,0,0.4149956700161926
0,0,0.3309638640345376
0,0,0.25286524081344314
0,0,0.24672181671284843
0,0,0.45347837960750687
0,0,0.3369102745045725
0,0,0.3878904860449619
0,1,0.6393812713627479
0,0,0.22812657900157893
0,0,0.2561462586772725
0,0,0.1522771025271025
0,0,0.29724416425622013
0,0,0.4155897140654173
1,0,0.34325740972774843
0,0,0.3526850483394598
0,0,0.31527307772739005
1,0,0.31444172528110353
0,0,0.43405736417419405
0,0,0.3263510105388194
0,0,0.3927820903853511
0,0,0.29252946090475346
0,0,0.28566010130453556
0,0,0.18299572855951568
0,0,0.2906114751061015
0,0,0.30742187197334253
0,0,0.2187397820044879
0,0,0.38487981729600335
0,0,0.37042170754340237
0,0,0.3790502185399765
1,0,0.3327256719169685
1,0,0.3076875706663187
0,0,0.1631348648609383
0,0,0.39718285223705424
0,0,0.33798236335138604
0,0,0.2268953380641646
0,0,0.36689230058379657
0,0,0.43993866853264174
1,0,0.41379650239464966
0,1,0.7116663043596523
0,1,0.5868054442539055
0,0,0.27954364820002064
0,0,0.23763101792400818
1,0,0.2714584119335627
0,0,0.37310276049911256
1,0,0.2221512269768848
0,0,0.49073419354965636
0,0,0.3045715045200559
0,0,0.3390177522030969
0,0,0.23770376009892136
0,0,0.3469688621364874
0,0,0.2864811072986127
1,0,0.30253135428327
0,0,0.45362011791851037
1,0,0.1843583595780056
0,0,0.17455651535890254
0,1,0.5695593376591371
0,0,0.24250161541645335
0,0,0.28103424563625795
0,0,0.4673030817238098
0,0,0.4057728100359676
1,0,0.39427785212150523
0,0,0.40571459649919545
1,0,0.2398702461147116
0,0,0.349729213193494
0,0,0.2635634975756025
0,0,0.20756929452823308
0,1,0.531450872475382
0,0,0.320867844688278
0,0,0.31631805684567826
0,0,0.2893453106184197
0,0,0.2555264118391651
0,0,0.3441084367641413
1,1,0.6383416238514854
0,0,0.3128756986349776
0,0,0.28718878680658855
0,0,0.31286093359162875
0,1,0.5440343367160937
0,0,0.37035496349547675
0,0,0.3459488395479627
0,0,0.3136340488010073
0,0,0.3855366871309827
0,0,0.21359199445526159
0,0,0.27147513793886896
0,0,0.36307078514301516
0,1,0.5934185637460302
0,0,0.3664304377564358
0,0,0.2503088271598922
0,0,0.2870698730505775
0,0,0.3206246796957581
0,0,0.3859283971618334
0,0,0.32998898361127454
0,0,0.22854240739143478
0,0,0.3895318143367161
0,0,0.221732874773026
0,0,0.33033896649504807
0,0,0.364567486618374
0,0,0.36164033021066266
0,0,0.4280917716986601
0,1,0.6128359273593522
0,0,0.1851938663582432
0,0,0.25637849550468483
0,0,0.20960667217942303
0,0,0.11860677068030007
0,0,0.4970319781598473
0,0,0.19841629055597365
0,0,0.3844421934758425
0,0,0.29388290232281467
0,0,0.3263351921255063
0,0,0.21729054587387917
0,0,0.3102290743629705
0,0,0.28259133582274304
0,0,0.20643131595663655
0,0,0.34657664455164444
0,0,0.45395701475628103
0,0,0.3119372944307155
0,0,0.14015499713440213
0,1,0.5585492711519215
0,0,0.2338850406702574
0,1,0.5738398116598126
1,0,0.21595058807664935
0,0,0.40042964518102775
0,0,0.3692169923100866
0,0,0.4011457141070143
0,0,0.450735963328324
0,0,0.23265786250786255
0,0,0.3553695253786843
0,0,0.3550014418569994
0,0,0.3071583052642154
1,0,0.20719954662261225
0,0,0.3208589648250773
0,0,0.4750102971647086
0,0,0.3335154274899086
0,0,0.32826923684963116
0,0,0.2047452288862048
1,0,0.46745994176056266
0,0,0.19226320883637227
0,0,0.3355352727000833
0,0,0.32277395553096644
0,0,0.3868453400553502
0,0,0.4181719576492263
0,0,0.271814616228258
0,0,0.291746813625393
0,1,0.5459194513562806
0,0,0.1618079943185962
1,0,0.22449445254084832
0,0,0.30861928074542816
0,0,0.23883822674691013
1,0,0.21716141406539374
0,0,0.3091137132325539
0,1,0.5393484825927857
0,0,0.14231704925304214
0,0,0.3248827706110314
0,0,0.28202357305828946
0,0,0.2207627447594219
0,0,0.2279516968096689
0,0,0.48152455203463695
0,0,0.3939336365640253
0,1,0.522884541334028
0,1,0.5385572394270463
0,1,0.5188455214348555
0,0,0.3607485823698724
0,0,0.15815237507040708
0,0,0.15687195564514855
0,0,0.3819259310539395
0,0,0.17535832366234835
0,0,0.21274141022733184
0,0,0.39292278027873684
1,1,0.6004310017279012
0,1,0.5248466531731485
0,0,0.22703427021321754
1,0,0.36600298847078316
0,0,0.3027492131890012
0,0,0.35135430709137594
0,1,0.6481129407443259
1,1,0.600984776913339
0,0,0.14374621747381663
0,0,0.34602598933287787
1,0,0.4330648579719786
0,0,0.3741828214824432
0,0,0.34000550787964373
0,0,0.25574517595814183
0,0,0.3762429917791759
0,0,0.314042882933492
1,1,0.579898858545446
0,0,0.3137650507735983
0,0,0.33504914985919587
0,0,0.36588736120905235
0,0,0.31354825526694335
0,0,0.2915587816498632
0,0,0.30971200683542865
1,0,0.49591405562367563
1,0,0.2907711665574567
0,0,0.4783208828523221
0,0,0.24197145863063085
1,0,0.2814292478327143
0,0,0.2910347428644223
0,1,0.5039259550781764
0,0,0.23167246743284522
1,0,0.4173278128409546
0,0,0.43253493117120567
0,0,0.14175557299223002
0,1,0.5212883453616234
0,1,0.5449344439337209
0,0,0.4637197541119637
0,0,0.2405488495477205
0,0,0.1940870969147378
1,0,0.2327069729691246
0,0,0.33480670275629354
0,0,0.1595176668876359
0,0,0.4006483977298015
0,0,0.2815896826372736
0,0,0.2666339007490656
0,0,0.25513352562600355
0,0,0.17707668910610094
0,0,0.34159904708018535
0,0,0.31531336112192654
0,0,0.2903686531548374
0,0,0.3633442167759302
0,0,0.3577049052958982
0,0,0.37589845901165553
0,0,0.29059110356762036
0,0,0.22561946467637725
0,0,0.3214580384786274
0,0,0.3193606016209078
0,0,0.1696187881435408
0,0,0.21963496200260907
0,0,0.3662445474632006
1,0,0.20486714067379697
0,0,0.281800240465875
0,0,0.1799430702042258
0,0,0.2663680845467567
0,0,0.27123765389872617
0,0,0.3984101394738307
1,0,0.2508505226218827
0,0,0.1704208897580246
0,0,0.10069268357850496
1,0,0.21255321380270265
0,0,0.3185234582328525
0,0,0.2726413504424816
0,1,0.5829871578861227
0,0,0.2582673622673622
0,0,0.3264577203269151
0,0,0.2429721064292871
0,0,0.22347859155808067
0,0,0.3235856814753873
1,0,0.364674783916515
1,0,0.2058237846031963
0,0,0.4473372069852808
0,0,0.24776373145853745
0,0,0.41217809335194383
1,0,0.28466919378052874
0,0,0.18852673609101223
0,0,0.14961797180275435
0,0,0.25744712642448714
0,0,0.22615476490476483
0,0,0.1284286885953552
0,0,0.3095206281204457
0,0,0.459026170516571
0,0,0.31248323399746025
0,0,0.33275294529478583
1,0,0.36615845103126254
0,0,0.26209518277261235
0,0,0.41883244017406146
1,0,0.20821994873578545
1,0,0.4057347062456708
0,0,0.264372922765802
0,0,0.07807346357346356
0,1,0.5234501541661329
1,0,0.3426261133571086
0,0,0.42718845166251906
0,0,0.3493482945391007
0,0,0.3230172125203085
0,0,0.43345495084036023
0,0,0.32002231980311685
0,0,0.2072308633353803
0,0,0.27919277239026613
1,0,0.29524298591897913
0,0,0.23402577435746133
0,0,0.3885100874431262
0,0,0.19131637390222217
0,0,0.24872728855491333
0,0,0.3875892640263655
0,0,0.19147542246290952
0,0,0.3294502620745126
0,0,0.3266480274805596
1,0,0.3891386271285449
0,0,0.3320859141456017
0,0,0.45825881690304393
0,1,0.5103615061984013
0,0,0.14639318006131505
0,0,0.33530413595119474
0,0,0.43713348571970445
0,0,0.28649869312169773
0,0,0.2941255967258288
0,0,0.4653453854433676
0,0,0.1705837016475294
0,0,0.19677847234556067
0,0,0.45246031653531654
0,0,0.15870304762245552
0,0,0.41679529600889753
0,0,0.2748076177349618
0,0,0.3144912702316717
0,0,0.32601090630983276
0,0,0.33184565266705357
0,0,0.48611562827095167
0,0,0.4416015832674759
0,0,0.46208140243706985
0,0,0.27320333674961894
0,1,0.6367151260746879
0,0,0.09330522616296272
0,0,0.27965371472751327
0,1,0.5462573896522819
1,1,0.5398879239978647
0,0,0.442517876700137
0,0,0.2739610151948606
0,0,0.2019019166733572
0,0,0.13461725062484078
0,0,0.45975413508794427
0,0,0.3188370044098933
0,0,0.2764367429938878
0,0,0.29057134192465317
0,0,0.23942165023086068
0,0,0.3013199362366028
1,1,0.7543294289402411
0,0,0.37620676130298936
0,0,0.43141104804889874
0,0,0.41137233030847586
0,0,0.4067025173510178
0,0,0.40714390607385953
0,0,0.3541585635678773
0,0,0.3041747496454926
0,0,0.46457645435479494
0,0,0.34842839019505056
1,1,0.6731975109948812
1,0,0.25746088084029256
0,0,0.32931633440289776
0,0,0.40887459299959295
0,0,0.4401508693416012
1,0,0.4878699156880184
1,0,0.4337906798349859
0,0,0.34868727830763413
0,0,0.23762818361129012
0,0,0.37393736502425867
0,0,0.24474531398790864
0,0,0.14160022208939282
0,1,0.5359026779374868
0,0,0.4287679648222282
1,0,0.3747075196045784
0,0,0.14795722701258593
0,1,0.5206157593955114
0,0,0.48353597544378535
0,0,0.28937990568334127
0,0,0.2699727771358111
0,0,0.223454685860696
0,0,0.3811785107436488
0,0,0.19391791120452312
0,0,0.1743229562052059
0,1,0.5544436889628153
0,1,0.5257129135269615
0,0,0.370373546482242
0,1,0.5168407055768905
0,0,0.28391491193872903
1,0,0.2964332075375032
0,0,0.12401663076259802
0,0,0.2309826576076576
0,0,0.2816098036309214
1,0,0.18585576712117632
0,0,0.30353071924523334
0,1,0.5560421697057443
0,0,0.3340381570300251
0,0,0.3402971896712032
1,0,0.25579663371881567
0,0,0.3037036422354691
0,0,0.13979938701603037
1,0,0.2485564310417252
0,0,0.39518249055434096
0,0,0.2060485807928388
0,0,0.4465900123984489
0,0,0.21841131084033893
0,0,0.20723910462323666
0,0,0.35330121512693846
1,1,0.5223184073748784
1,0,0.22301760926990738
0,0,0.20337974252269914
0,0,0.2072139701257348
0,0,0.16016139318770903
0,0,0.23079324372040408
0,0,0.421594579400312
0,0,0.46950788747878924
1,0,0.26109289563235283
0,0,0.47660358900217925
0,1,0.5263232330633766
0,0,0.2567948291968191
0,0,0.4938249153578234
1,0,0.2082870483620044
0,0,0.22556615659584375
0,0,0.24810725805917153
0,0,0.29633854274279964
0,0,0.36323755102164673
0,1,0.5051177941527136
0,0,0.294407018775714
0,0,0.1949412206035797
0,0,0.42986938205921243
0,0,0.3388582559536254
0,0,0.3630197425012174
0,0,0.2887458268243118
1,0,0.23998856115703945
0,0,0.2845400477430654
0,0,0.3119624836961611
0,0,0.4817900632941047
0,1,0.5774479817424862
0,0,0.1668396759377151
1,1,0.6092972395922254
1,0,0.2707601419704746
0,1,0.634467225142659
0,0,0.49947377336206644
0,0,0.3954247998930991
0,0,0.3225308723311431
0,0,0.1665677641036046
0,0,0.20230181268106964
0,0,0.32707773136035595
0,0,0.1101338938838939
1,0,0.43612225685377676
0,0,0.4210310760937119
0,0,0.32958890657052675
0,0,0.23368504669527687
0,0,0.40597843193849087
0,0,0.2656376665485363
0,0,0.281157653363854
0,0,0.4582910486465881
0,0,0.31818607278741684
0,0,0.22457963795463784
1,1,0.5188039351123975
0,0,0.3699394449650368
0,1,0.5637996925665522
0,0,0.22961620082347953
0,0,0.24556342997578626
0,0,0.37206745426379906
0,0,0.23192281270025608
0,1,0.5279964768589508
0,0,0.17037854666742394
0,0,0.11726349967878096
0,0,0.261789570968243
0,0,0.27380996850197425
0,0,0.21564588342824392
1,0,0.31434841400429614
1,0,0.26678627729943505
0,0,0.14369979849024805
0,0,0.2690483130766189
0,0,0.39249507308792786
0,0,0.1387803949318655
0,0,0.3335960966583012
0,0,0.39691548123306014
0,0,0.4573017719324434
1,0,0.2549771538107851
0,0,0.13756069977024862
0,0,0.265514956202456
0,0,0.3866292854994693
0,1,0.5209860181788406
0,0,0.1791780984945685
1,0,0.3218602476085181
0,0,0.4663706034800662
0,0,0.1848082521499469
1,0,0.19559731042249434
0,0,0.49931679104249754
0,0,0.2364751612648373
0,0,0.21304915728127344
0,0,0.41172260224033397
0,0,0.28504755872721693
0,0,0.3314260245172785
0,0,0.20817953042256448
0,1,0.6039461013478762
1,0,0.3608419205267051
1,0,0.30912277736831456
0,0,0.2776246539730094
0,0,0.29604485830074057
0,0,0.43639423041440056
0,0,0.28617312663623534
0,0,0.2547488527267937
0,0,0.4711568461838622
0,1,0.5235420037634323
0,0,0.1959109955849746
0,0,0.4427017549216282
1,0,0.338970775970389
0,0,0.28285883341583795
0,0,0.2576080459401902
0,0,0.24289518691251605
0,0,0.4096006585981125
0,0,0.2069715278433137
0,0,0.3871006050304477
0,0,0.22779409287200172
0,0,0.3527008792999503
0,0,0.3750703083044496
1,0,0.4073903843197859
1,0,0.34324142850946787
0,0,0.333771439007852
0,0,0.3556057150754586
0,1,0.5513201260505634
0,0,0.4534001554492585
0,0,0.0729818514818515
1,0,0.3106906014640399
0,0,0.3342334617500079
1,0,0.24795770230867817
0,0,0.2357802804303062
0,0,0.3286451334043006
1,0,0.37440230668367047
0,0,0.2603370395336066
0,0,0.3664628494580319
0,0,0.32901040643223306
1,0,0.4789811276977544
0,0,0.2409892572430708
0,0,0.22033599085069672
0,0,0.4625879707464699
0,1,0.6002822949861703
0,1,0.5974040564803687
1,0,0.4731687637505129
0,0,0.2370798085929664
0,0,0.31184034416133743
0,0,0.31609274271513493
0,0,0.41394018289831075
0,1,0.5645369161556668
0,0,0.3694316514867988
0,0,0.28212772314596707
0,0,0.20565833231370306
0,0,0.1438400185470092
1,0,0.4579934572022577
0,0,0.1355806291595698
0,0,0.20968580259092415
0,0,0.4356793463585958
0,0,0.23722922725422724
0,0,0.48981547319355323
1,0,0.20518153525026103
0,0,0.2660725215753819
1,0,0.1884993193092183
0,1,0.5510174538256802
0,0,0.3490527263407034
0,0,0.23778817279406386
0,0,0.2767731704883968
0,0,0.2593008768823008
0,0,0.34435433630563567
0,0,0.310350896471617
0,0,0.38766437927895725
0,0,0.1591483572688311
0,0,0.19479442958986382
0,0,0.45244747841894223
0,0,0.35768535417564695
0,0,0.49785974901078617
0,0,0.30590723110044776
0,0,0.3494748537209835
0,0,0.2849456719146622
0,1,0.578111979041968
0,0,0.20506256016789942
0,1,0.5744197998148057
1,1,0.5239459873359078
0,0,0.3765208031677069
1,0,0.07571819782460745
0,0,0.365016812003371
0,0,0.3797889359431611
0,0,0.487763902689858
0,0,0.31969502136349937
0,0,0.427908373116577
0,0,0.3479645832055549
0,0,0.3433517591541137
1,0,0.3027784755186127
0,0,0.2892461031404396
1,0,0.2513616445914859
0,0,0.41282232342177244
0,1,0.6640063139503634
0,0,0.1941879409690476
0,0,0.25548145036322156
0,0,0.30300207399503165
1,0,0.16413462486114827
0,0,0.3164075196698921
0,0,0.22596912873666805
0,0,0.4705996012037352
0,0,0.3236582617819887
0,0,0.07902152429021461
0,0,0.3188891820498404
0,1,0.5373224732783555
1,1,0.5096521563447909
0,0,0.2895169567410278
0,0,0.285019640082592
1,0,0.45300952756202995
0,0,0.37381428373863484
0,0,0.2057011431304027
0,0,0.30586222549127323
0,0,0.3849994389128455
0,0,0.19464526677026672
0,0,0.37348622996213116
0,1,0.5995495334568843
0,0,0.21895228106865797
0,0,0.15478572522157505
0,0,0.22896669461375338
0,0,0.26657747589121994
0,0,0.33307675771917716
0,0,0.24474571688263963
0,0,0.2032692064943962
0,0,0.45158463660737197
0,0,0.1839562302317035
1,0,0.2962016272901655
0,0,0.2062127362943646
0,0,0.3833154738505429
0,0,0.323720169963734
0,0,0.31914092889681117
0,0,0.2684338170634063
0,0,0.3124588393210103
0,1,0.5870250261750674
0,0,0.254047538144553
0,0,0.22823809251750424
0,0,0.27326264693479574
0,0,0.3696787642755134
0,0,0.32840396484330975
0,1,0.6790100653278963
0,0,0.18156554553286175
0,0,0.2867599944179698
0,0,0.24968061142466919
0,0,0.38373388707094647
0,0,0.33374851986869414
1,0,0.40506972776175254
0,1,0.5419673474617311
1,0,0.27363544130812323
0,0,0.2633957254324901
0,0,0.30912309618887057
0,0,0.32807391783053547
0,0,0.4737617257209579
0,0,0.279055297932851
0,0,0.48779826201488796
0,0,0.3513565584304256
0,0,0.20943244862250288
0,0,0.383231855193061
0,0,0.2814368413880196
1,0,0.37796647134057754
0,1,0.6860178309317103
0,0,0.41961939089571926
0,0,0.35291680840860434
0,1,0.5094818607722107
0,0,0.3271959154720532
0,0,0.39956363722772387
0,0,0.2713356719064123
0,0,0.3305374127237937
0,0,0.2848488355564578
0,0,0.2853232905070919
0,0,0.3224762222581541
1,1,0.5035707585501189
0,0,0.299500479866384
0,1,0.582275885491624
0,0,0.470041894925152
0,0,0.49255922770877236
0,0,0.42612031505717074
0,0,0.32295203309857584
0,1,0.528245756922781
1,0,0.2447700439878144
0,0,0.3260689211659618
0,0,0.2577986900032328
0,0,0.44292008769537894
0,0,0.31010564259726436
0,0,0.1721401024686883
1,0,0.3045463286636649
0,0,0.4183076754602722
0,0,0.3114438291926903
0,0,0.35793405481775914
0,1,0.5299050003223051
0,0,0.2216482198648958
0,1,0.5687563407526073
0,0,0.3888791351862968
1,0,0.38850049801419784
1,0,0.45550639243835045
0,0,0.4489062974934397
0,0,0.20819347571254324
0,0,0.415901317173071
0,0,0.38551453692738763
0,0,0.4152091480993351
1,0,0.21570243144129098
0,0,0.24057964128949463
0,1,0.6983525894416486
1,0,0.3182548960671408
0,1,0.5497561780920732
0,0,0.3346322625887277
1,0,0.36139706869454336
0,1,0.5182963405693797
0,0,0.4689418891237677
0,0,0.19874690837078401
0,0,0.31958371809648894
1,0,0.36097866167579273
0,0,0.44053013158955784
0,0,0.35521222084666915
0,0,0.26938003857065224
0,0,0.21019464847493255
0,0,0.12020664180313002
0,0,0.36906336118142635
0,0,0.26057053186385465
0,0,0.30945637573388163
0,0,0.24237378859244182
0,0,0.25131671176657283
0,0,0.2964786871625106
0,0,0.2928598570181206
0,0,0.27688310337084837
0,0,0.23459702893139417
0,1,0.5127625147381472
0,0,0.28794449209890377
0,0,0.23663505276224753
0,0,0.1946182830469119
0,0,0.10506555832417902
0,0,0.33972123682417804
0,0,0.16672729597729594
0,0,0.23319345630215182
0,1,0.6213427784073743
0,0,0.21174694915856243
0,1,0.5188085140804211
0,0,0.25989527323011347
0,0,0.20253622730212809
0,0,0.3870252409540754
0,0,0.4660502538092918
0,0,0.1555307530475487
0,0,0.37707973240223863
0,0,0.24132586437555262
0,0,0.32868316744983395
0,0,0.14135153482219423
0,1,0.5038940811319551
1,1,0.6183602327041511
0,0,0.39837687176579234
0,0,0.3348943830135006
1,0,0.265058718549714
0,0,0.39550318741494206
0,0,0.4680982206479669
0,0,0.4010429753997864
0,0,0.23554702811682185
0,0,0.43335562133781913
0,0,0.3348904776685583
0,0,0.3637025579939296
0,0,0.2467043933453769
0,0,0.1282611917675345
0,0,0.39098491837959565
1,0,0.33465769004237966
0,0,0.40071536956065945
0,1,0.6005569176162232
0,0,0.4668748520529454
0,0,0.41639461448249315
0,0,0.15312789038658603
0,0,0.30093604479224756
0,0,0.4726958762092862
0,0,0.16317921553754886
1,0,0.25321548347692835
0,1,0.6038773730595756
0,0,0.21138399590312923
0,0,0.287169636750132
0,0,0.36202690649067476
0,0,0.3357527228924283
0,0,0.37406891175109863
0,0,0.4754787569058813
0,0,0.27043076667533006
0,0,0.37021150888390253
0,0,0.2878177113693441
0,0,0.17504965577415768
1,0,0.36461238712064625
0,0,0.25446733583052716
0,0,0.28759935048262886
0,0,0.25894983446832776
0,1,0.5296566244985276
0,0,0.30976938909828594
0,0,0.2538719961955256
0,1,0.6172109561760574
0,0,0.30291484412369324
0,0,0.3089235913446501
0,0,0.2979078656934514
0,1,0.568047412632516
0,0,0.4328881652665174
0,0,0.15995218144086587
0,0,0.26676044081486394
0,0,0.33663673507437336
0,0,0.19384535631047617
0,0,0.28793022272082375
0,0,0.4140814987330162
0,0,0.38196673732948255
0,0,0.2528682837709207
1,0,0.44244601805545897
0,0,0.3711895833710917
0,0,0.17613221820390937
0,0,0.31137932920541617
0,0,0.2621105078399693
0,0,0.22593853647559803
0,0,0.3320465471949217
0,0,0.2990250545358501
0,0,0.16729131954789855
0,0,0.32102193502525705
0,0,0.3165488970470604
0,0,0.22656915093656085
0,0,0.4414964413071772
0,0,0.19097473531054093
0,0,0.3529745354599111
0,1,0.8245475576105276
1,0,0.3736276226210436
0,0,0.3312548475314128
0,0,0.33291353406542173
0,0,0.3591185813093453
0,0,0.2974676463781155
0,0,0.4304851958591455
0,0,0.15161603266015028
1,0,0.48317255605581777
0,0,0.4382314718305427
1,0,0.21399090642961863
0,1,0.5323842874888641
0,0,0.2200878844977873
1,0,0.35486903527984576
0,0,0.26159127636496055
0,0,0.4071701575227993
0,0,0.39509385456645946
0,1,0.5228088771588358
0,0,0.3361367679161795
0,0,0.16184706564602608
0,0,0.249594790278147
0,0,0.2033521988602455
0,0,0.21572397358153167
0,0,0.35018391141057487
0,0,0.288577988369655
0,0,0.38623642688185744
0,0,0.2362353419291621
0,0,0.3164667087372499
0,0,0.3228531724267018
0,0,0.3529481632564963
0,0,0.1857943642430002
0,0,0.4538000970285931
0,0,0.21464923577480935
0,0,0.48415627834995906
0,0,0.4268341066428141
0,0,0.2864560115810116
1,0,0.49613025658433246
0,0,0.4972905582098313
0,0,0.273704529003477
0,0,0.3563556690426784
0,0,0.3415500072962039
0,0,0.3651206604169989
0,0,0.1996214308791372
0,0,0.3179729508897576
0,0,0.3277944726841784
0,0,0.48452384896069606
0,0,0.2962961864989727
0,1,0.5723297652195026
0,0,0.18452159598626147
0,0,0.4799131984041037
0,0,0.22279617081207537
1,0,0.3914926262543377
0,0,0.43284363269058557
0,1,0.5168940678874381
0,0,0.2996704663892601
0,0,0.2969069193917361
1,0,0.412504212563036
0,0,0.3950669091345604
0,0,0.4260611525749817
0,0,0.2920279140346397
1,0,0.37881237495218945
1,0,0.3281758945157113
1,0,0.23976661316041165
0,0,0.26217248322245934
0,0,0.24031232947206013
0,0,0.2970878094406124
0,0,0.35310412567029487
0,0,0.234688438188662
0,0,0.3241505071469037
0,0,0.27611004120440147
0,0,0.27581611833942277
0,0,0.27510090373300095
0,0,0.40044469385829484
0,1,0.5959238100101478
0,0,0.2649083998067077
0,1,0.6556239851885513
0,0,0.38025571801277225
0,0,0.20961533831802365
0,0,0.3462131253273658
0,0,0.4207411609173991
0,0,0.2581126910537384
0,1,0.5440900253141214
0,0,0.4133882119120597
0,0,0.29544885413650807
0,0,0.26182598541103974
0,0,0.17667290224204563
0,0,0.3075056365274791
0,0,0.47927689769005305
0,1,0.6465480847171471
1,1,0.7048797161298425
0,0,0.22931323205139625
0,0,0.2196246667682818
1,1,0.5440095979861975
0,0,0.2564400382718515
0,0,0.4577563347695546
0,0,0.2589101036410626
0,0,0.38433306787356963
1,0,0.16235321766365182
1,0,0.26914621268077726
0,0,0.17135998088824606
1,1,0.5194321404543368
0,0,0.41731203073665935
0,0,0.1645566961382482
0,1,0.6492568679995735
0,0,0.3799222427859469
0,0,0.23274093423601763
0,0,0.3316312628128316
0,0,0.4029858614108891
0,0,0.2742627468315431
0,1,0.520789248378223
0,0,0.24400523642050514
0,0,0.3101641414226475
1,0,0.45460047109134866
0,0,0.27253832033105585
0,0,0.3395993058845897
0,0,0.3058273176729473
1,0,0.34071553629942203
0,0,0.32185225455539895
0,0,0.4730726585048713
0,0,0.2744417332006617
0,0,0.3114257826036417
0,0,0.3415123056117637
0,0,0.47952410664693257
0,0,0.3091044947635503
0,1,0.657383548356335
0,0,0.16890640580709226
0,0,0.3724299691359352
0,0,0.3746526080357702
0,0,0.4106072914261023
0,0,0.2056198372988051
0,0,0.42804385093233216
0,0,0.06656937880736737
0,0,0.2752148960489944
0,0,0.4525368583720631
0,0,0.40358999187323985
0,1,0.5036900067512811
1,0,0.32600725897596183
0,0,0.4695166361962197
0,1,0.5150813763010814
0,0,0.33640482272143624
0,0,0.3332659070948543
0,0,0.23145279251546885
0,0,0.386379126940358
1,0,0.1402846456903321
0,0,0.31707852604911413
0,0,0.3524536195004113
0,0,0.41001491732830736
1,0,0.31009003212394953
0,0,0.26604298420350875
0,1,0.6244450890478533
0,0,0.38889018953489585
1,0,0.13771744914222153
1,0,0.2828206116855228
0,0,0.3775380736887801
0,0,0.1863443391249233
0,0,0.40010999596556573
0,0,0.3999258031764594
0,0,0.34621717176835
0,0,0.4961960491892532
0,0,0.285136948019301
0,0,0.17448240675446558
0,0,0.29710440168927943
0,1,0.5057873746623747
0,0,0.17350228041338098
0,0,0.2551132003960951
0,0,0.3675107860089586
0,0,0.23736362287645135
0,0,0.29487327963233745
0,0,0.41651656471037246
0,0,0.17631615459202202
0,0,0.3886555935321414
0,0,0.3382332874563128
0,0,0.46270666702486724
0,0,0.33632211923848243
0,0,0.41114980423818104
1,0,0.2790088369591338
0,0,0.2562000147462023
0,0,0.4138215454275579
0,0,0.35194430972507573
0,0,0.3485268498081035
0,0,0.2554908393476109
0,0,0.2102095335966304
0,0,0.30276154573594866
0,0,0.21888993930971826
0,0,0.29693985678351
0,0,0.24654855325746353
0,0,0.190679942062295
0,0,0.45324084761626166
0,0,0.26044066252154974
0,0,0.29881712821142653
0,0,0.39210315448898797
0,0,0.26894925395954794
0,0,0.2753242222174111
0,0,0.24753926096091988
0,0,0.31254244135706455
0,0,0.46788929893639014
0,0,0.16642216044094263
0,0,0.305050307275218
0,0,0.2714946912145855
0,0,0.22452991231590416
0,0,0.41998292371402307
0,1,0.6694705253826289
0,0,0.16349314389314387
0,0,0.4412001057628954
0,0,0.2716667698034666
0,0,0.2148440848622569
0,0,0.2845256019350446
1,1,0.5473063689234741
1,0,0.32964767422702196
0,0,0.3182785194500935
1,0,0.30796518311563825
0,0,0.22937619636698575
0,0,0.3360810356154561
1,0,0.3105327280511524
0,0,0.24862950993833347
0,0,0.3045411926115816
0,0,0.19358029578419264
0,0,0.3360676678125952
1,1,0.565254747677503
0,0,0.22746989224766992
0,0,0.269058288131911
1,0,0.3402156045014611
0,0,0.4684822374639325
0,0,0.2582067007179537
0,1,0.7219141376347716
0,0,0.3688353958104731
0,0,0.2598773787635429
0,1,0.5125984440221839
0,0,0.48218945381930506
0,0,0.37162161207672045
0,0,0.24725863199980846
0,0,0.2668922639123764
0,0,0.25632691911735883
0,0,0.2098662880459738
0,0,0.24034294757406874
0,0,0.2682054482360344
0,0,0.3763645507542566
1,0,0.4899447624865225
1,0,0.32059677377565055
0,1,0.5620461061413073
0,0,0.3618693825550011
0,0,0.36123652297224124
0,1,0.5187204343784181
0,0,0.3033517469926011
0,0,0.14164241025539567
0,0,0.281393115238224
0,1,0.5318449006927329
0,0,0.12433738709274579
0,0,0.12144637851255498
0,0,0.30648324650638886
0,0,0.2916257943671102
0,0,0.3450285312570927
0,0,0.3410675357752906
0,0,0.3294677207857118
0,0,0.18186500228166888
0,0,0.3825018900733986
0,0,0.3445277451319952
0,0,0.2854680267397658
0,0,0.208467306253943
0,0,0.17832322732433561
0,0,0.32544819655253526
0,0,0.397498090034229
1,0,0.29836404068640915
0,0,0.17442064655617295
0,0,0.23205631090042858
0,0,0.4515163613985738
0,0,0.09027327353809507
0,0,0.17085132661556343
0,0,0.4279871170173005
0,0,0.39973738822265104
0,0,0.28125104946495877
0,1,0.5125072832925524
0,0,0.36417528873686117
0,0,0.19938385000780603
0,0,0.24873260447399062
0,0,0.32666282584624595
0,0,0.4279545979069464
0,0,0.310197881858506
0,0,0.18008174817430606
0,1,0.6189797622150375
0,0,0.4003126894700681
0,0,0.4883515851931499
0,0,0.3795481626347873
0,0,0.19254685870722282
0,0,0.28271931576642906
0,0,0.38769113720960957
0,0,0.32517283269884456
0,0,0.18915762367677857
1,0,0.40360689584180276
0,0,0.23856477186486338
0,0,0.3430280389889441
1,0,0.19751364550482198
0,0,0.3104682539837683
0,0,0.25980924084979046
0,0,0.38478192019874946
1,0,0.17030559634943687
0,0,0.26075134632583485
0,1,0.579413369025044
0,0,0.26867362231388
0,0,0.18941119528619524
1,0,0.3226619495191645
0,0,0.3027208039618373
1,0,0.23196026307999987
0,0,0.47866286778612116
0,0,0.3785528428759311
0,0,0.20141785197709608
0,0,0.3609966409348092
0,0,0.17721196792524074
0,0,0.3808835503591694
0,0,0.3990440385322737
0,0,0.1859570186461709
0,0,0.2615612419431472
0,0,0.16562585172634187
1,0,0.2500445768159726
0,0,0.28354053354053355
0,0,0.33133336382265877
0,0,0.2691631764706456
0,0,0.26106492490835703
0,0,0.315462734662425
0,1,0.574614857113682
0,0,0.26208196868490974
0,0,0.24018520384108782
0,0,0.3111400284616851
0,0,0.23772329866937714
0,0,0.47613231820792623
0,0,0.3216524166347734
0,0,0.2692656547115146
0,0,0.38545451879107373
0,0,0.25838792920042924
0,0,0.32268955603858934
0,0,0.47957131829070554
0,0,0.3974939699246975
0,0,0.388109597189303
0,0,0.2179697473726388
0,1,0.5058214764676962
0,1,0.5701708691463332
0,0,0.4982364979182583
0,0,0.3643057593602433
0,0,0.48252364424510735
0,0,0.30261839738408247
0,0,0.32781242145979866
0,0,0.4507157875259853
0,0,0.18922397428279783
0,0,0.27883524452213837
0,1,0.5178215136622166
0,0,0.3277337041398573
1,0,0.20410361082884304
0,0,0.15394719717902078
0,0,0.30018369379732895
1,0,0.2611349302361834
0,0,0.24823160832614127
1,0,0.3885899290564478
0,0,0.4282905714219791
0,1,0.5447883012372232
0,0,0.3399775315764477
0,0,0.23181852869352862
0,0,0.4993175030423595
0,0,0.34387137870986234
0,1,0.5106352371542
0,0,0.2915305511500746
0,0,0.31658941550079317
0,0,0.32898477911455193
1,0,0.36422135847283127
0,0,0.2301913842407864
0,0,0.3079926725571097
0,0,0.2755572377209075
0,0,0.29225631755623277
0,1,0.5410921165561995
0,0,0.3619051725135315
0,0,0.2822382756122732
0,0,0.41076963105407366
1,0,0.33364271318354066
0,0,0.2891726374028491
0,0,0.48014074846936844
0,1,0.7169125173713478
0,0,0.4194760891678806
0,0,0.13944054073876777
0,0,0.34987116363530313
0,0,0.3860431254866621
0,0,0.2373883672513702
0,0,0.3804885013590552
0,0,0.33844271162183814
0,0,0.18760124047197785
0,0,0.37484067088169243
0,0,0.31017907373955966
0,0,0.20122965680740262
0,0,0.31711480977599393
0,0,0.23739769952269943
1,0,0.31075251149840405
0,0,0.2945637282357871
0,0,0.29514194070640687
0,0,0.26578264117224054
0,0,0.21584569524043204
0,0,0.21251925554573256
0,0,0.48291861602192626
1,0,0.25594265731125637
0,0,0.35576441858147323
1,0,0.30637432221308614
0,0,0.1967748421169473
0,0,0.14573189952907195
0,0,0.4141661506144468
0,0,0.3624297970311396
0,0,0.4398100790566128
0,0,0.2418470549917918
0,0,0.3796278350030397
0,0,0.3573742711224513
0,0,0.24725257780070214
1,0,0.1767908796179213
0,1,0.5637470330297267
0,0,0.40522897073137415
0,0,0.2608385809656941
0,0,0.4122568469543506
0,0,0.25887197450276594
0,0,0.25146042565318927
0,0,0.4066809974654402
0,0,0.18740094011343333
0,0,0.18709990472490468
0,0,0.09891575435228686
0,0,0.2600745845476238
0,0,0.40805077189316336
1,0,0.45966329212787493
0,1,0.5301162625259415
0,0,0.1584157340879309
0,1,0.5327451319600305
0,0,0.41964865774102705
0,0,0.4466488154214698
0,0,0.45996152253149236
0,0,0.3058268616969663
0,0,0.2166637038164557
0,0,0.2913489062680239
0,0,0.31509015202520546
0,0,0.4875392541024502
0,0,0.20643211891228658
0,0,0.26150772689847657
0,0,0.29093011822525017
0,0,0.3839359970686698
0,0,0.3447736690113344
0,0,0.35823934411648306
0,0,0.27925697888855777
1,0,0.4282435717826052
0,0,0.3376804931083964
0,0,0.2773929380873151
0,0,0.3804091659979013
0,0,0.23308255133526026
1,0,0.308812397964123
1,0,0.3012407164656235
0,0,0.3540403500154274
0,0,0.4062313629521828
0,0,0.29927315337981314
0,1,0.5869654586386236
0,0,0.24726818756458854
0,0,0.2673772918492746
0,0,0.4246343248648852
0,0,0.2699693427717728
0,0,0.19321691453063997
0,0,0.29130089409478077
0,0,0.4431188514407824
0,0,0.2317007391759713
0,0,0.33856506267386133
0,0,0.24911992427351615
0,0,0.2671678994380232
0,0,0.14252354671472311
0,0,0.47255192372395566
0,0,0.2850176834850718
0,0,0.2923876442321156
0,0,0.19899460667714897
0,0,0.45078839592471137
0,0,0.4852753183876145
0,0,0.31541872397754733
0,0,0.1897005665006236
0,0,0.47383929367649763
0,0,0.299012466652851
0,0,0.19453270928654554
0,1,0.5670323784257366
0,0,0.405925536994985
0,0,0.2301665549618167
0,1,0.6070481088403978
0,0,0.3858813900397436
0,0,0.3641555626796854
0,0,0.30070372162692355
0,0,0.3514981381389578
0,0,0.4050372385469133
0,0,0.18455631600368447
0,1,0.6011246136279333
0,0,0.19537379054078202
1,1,0.6378597786874575
0,0,0.199744935155168
0,0,0.48143753460660177
0,1,0.5309181328480079
0,0,0.4238557085223117
0,0,0.3778530486356287
0,0,0.29304223514398214
0,0,0.3327494629010474
0,0,0.32432037716048484
0,0,0.2234144471977867
0,0,0.15812466892965013
0,0,0.3555029738448332
0,0,0.27327080894364614
0,0,0.32731685308634145
0,0,0.29235743300687034
0,0,0.3490431465652818
1,0,0.3004715192590912
0,0,0.38879711364880115
1,0,0.43570400481885485
0,0,0.4053281542494938
0,0,0.3355275532150754
0,0,0.43647670305999525
1,0,0.23582623588728235
0,0,0.19167344681688
0,0,0.35038196975258346
1,0,0.40991704115516675
0,0,0.29529323308753413
0,0,0.3659179120701564
0,0,0.2715130476047284
0,0,0.23683582321761495
0,0,0.249027687466812
0,0,0.2880289368211194
0,0,0.15118676791373425
0,0,0.20334829013579003
0,0,0.2141444202786989
0,0,0.18648112307082884
0,1,0.5394230329099609
0,0,0.39289873794111374
0,0,0.37494115343974377
0,0,0.33629721015380176
1,1,0.6719892131181099
0,0,0.3409885680624844
0,1,0.6113032300664287
0,0,0.49710638399763774
0,0,0.20100707826967715
0,1,0.5042919237635171
0,0,0.25289159508935044
0,0,0.2124984692578287
1,0,0.2739786305742187
0,0,0.4990729793292876
0,1,0.5615439151765135
0,0,0.21954932483248243
1,0,0.41152554331346886
0,0,0.4344653766053326
1,0,0.4978151885201878
0,0,0.2608827222112825
0,1,0.5058070024603357
0,0,0.3737015830813186
0,0,0.2675877680330981
0,0,0.17489788675424636
0,0,0.1770025222314185
0,0,0.4249062281171413
0,0,0.21087876761038524
0,0,0.23955996126027196
0,1,0.5362497558790272
0,0,0.23582476716809642
0,0,0.49846677511966475
0,0,0.4812132336735916
0,0,0.41158165170717653
0,0,0.34326087451065196
1,0,0.3766412699616332
0,0,0.32601700022823255
0,1,0.5333818791380615
0,1,0.580963345843979
0,0,0.34891505119980776
0,0,0.35753326728456875
1,0,0.09371156783536011
0,0,0.45200919643697207
0,0,0.12706260414412773
0,0,0.17214144282686977
0,0,0.4531445358176855
0,0,0.2637978077703965
0,0,0.3609804832980294
1,0,0.2409086421949694
0,1,0.6419293618036542
0,0,0.2289496972473727
1,0,0.4669032426758792
1,0,0.33618287604519653
0,0,0.24895661090734503
0,0,0.21817859857533775
0,0,0.39689176346529303
0,0,0.2044577925073618
1,0,0.3949760334181921
0,0,0.4712463386286914
1,0,0.15276714646359071
0,0,0.47051451860914173
0,0,0.40548603946122685
0,0,0.361796455719414
0,0,0.25735703499458285
0,0,0.4205340164453035
0,0,0.14028017685328437
0,0,0.3878694731415087
0,0,0.3085561060690489
0,0,0.36638276942161896
0,0,0.16591784674538618
0,0,0.45255365851048557
0,0,0.4926360965223548
0,0,0.1798477710339861
0,0,0.3877580176285529
0,0,0.41193416239264075
0,0,0.2021129786623292
0,0,0.2148112397476064
0,0,0.304542323127081
0,0,0.1554956035284856
0,0,0.3927059567253065
1,0,0.36858375962863227
0,0,0.30044962779555584
0,1,0.5039139057434362
0,0,0.2907572363493019
0,0,0.14544984251719253
0,0,0.23196810565882994
0,0,0.40858411437129294
0,0,0.3428362795400553
0,0,0.2058599244700157
0,0,0.2691414152887937
0,0,0.287830550731301
0,0,0.2865672218745564
0,0,0.23006396976742716
0,0,0.417330967341837
0,0,0.45377700022156536
0,1,0.5648194304025425
0,0,0.14146142272233353
0,0,0.295715864869897
0,0,0.44047438599908617
0,0,0.2503265784803137
0,0,0.36585240452070966
0,0,0.2506465152235461
0,0,0.19791460850074294
0,0,0.42366246340371044
0,0,0.4469635347783463
0,0,0.22802987681162298
0,0,0.3086788553412315
0,0,0.4195924031821863
0,0,0.24094437510486108
0,0,0.44484584419017126
0,0,0.403740274871063
0,0,0.20266144394820865
0,0,0.31692078150829067
1,0,0.3019319864610878
1,0,0.40329920492478694
0,0,0.42960526119745585
0,0,0.3878816445549761
0,0,0.2970674545359477
0,0,0.15069033043022323
0,0,0.494973237144361
0,0,0.35978427072504393
0,0,0.3277590285047156
0,0,0.39398935879837926
0,0,0.188092416874873
1,0,0.4361743542405306
0,0,0.269366335250112
0,0,0.3619120214710075
0,1,0.5797418883022858
0,0,0.2192080980692447
0,0,0.38857511880652584
0,1,0.6132819377902607
0,0,0.3305782766379526
0,0,0.1551686877936878
0,0,0.32919434558680766
1,0,0.29058271545164127
0,0,0.4499701783258368
0,0,0.26293927503483794
0,0,0.1853600815677552
0,0,0.31357481888119126
0,0,0.4126664891327601
0,1,0.6226784676665601
0,0,0.19646864017085852
0,0,0.3446981438630206
0,0,0.4546901257323856
0,0,0.2789488115529781
0,0,0.340937562050952
0,0,0.25053882920438897
0,0,0.19814440223461224
1,0,0.3338411714263393
0,0,0.21024128201414002
0,0,0.3951345165394595
1,0,0.2977702187052044
0,0,0.1422753943909067
0,0,0.4356583665116558
0,1,0.5688774893767975
0,0,0.26785781018849536
0,0,0.28894865965830996
0,0,0.42534549646650294
1,0,0.30659604611075203
0,0,0.3491412259452508
0,0,0.3710117189130631
0,0,0.27680514647234933
0,0,0.18746118791222832
1,0,0.17264818821174424
0,0,0.2608488316574443
1,0,0.3562126532836814
0,1,0.5654509623404393
0,0,0.34012968688657363
0,0,0.42705717287596456
0,0,0.3554978149390403
1,0,0.15340442188279743
0,1,0.5126114043658649
0,0,0.31679861170684526
0,0,0.2542610241900978
0,0,0.37243023242012624
0,0,0.38062108005846135
1,0,0.27393326464434375
0,0,0.3225722222633521
0,0,0.3814868520596375
0,0,0.28513655970983104
0,0,0.2584160227632448
0,0,0.26115621230907604
0,0,0.26439848864359256
0,0,0.2184307682081365
0,1,0.695223994517218
0,0,0.2453586773021263
0,1,0.5070506367557693
0,0,0.23197155705205227
0,0,0.35322050981824715
0,0,0.3696939819761994
0,0,0.39296642093217576
0,0,0.25807726051838537
0,0,0.44590322169283697
1,0,0.2260749838350786
1,0,0.21715675517419697
1,0,0.2606554797541639
0,0,0.3636347814412654
1,0,0.3601229598545974
0,0,0.36407148547233426
0,0,0.2526459300503417
0,0,0.20960606669159293
0,0,0.44824876768841915
0,0,0.4279828013382074
0,0,0.3146085414324352
0,0,0.19217457562775092
0,0,0.3866794833915458
0,0,0.2525000359208692
1,0,0.38198868391368385
1,0,0.2877415014636339
0,0,0.30398804684791175
0,0,0.3523267788237446
0,1,0.5623486569473437
0,0,0.34640832484911144
0,0,0.11778455741270868
0,0,0.404669245930592
1,1,0.6848210107757322
1,0,0.24667753396959635
0,0,0.38209012537272347
0,0,0.13820090982723868
0,0,0.33275656014094596
0,0,0.3388895337109622
0,0,0.37906089974632984
0,0,0.34016600053391133
0,0,0.399296810796777
1,0,0.260068065287493
0,0,0.2129612917288459
0,0,0.2010062503217913
0,0,0.20455352681087974
0,0,0.0827397694429976
0,0,0.29996451273882585
0,0,0.45081436421049403
0,0,0.312885035489202
0,0,0.3591730822594839
0,0,0.3261287506932277
0,0,0.3413988562743351
0,0,0.22568685830474255
0,0,0.19783894806180083
0,0,0.34335848402734365
0,0,0.30369826198811994
0,0,0.38962376711245256
0,0,0.39073079504678676
0,0,0.37219154992856657
0,0,0.2997300816944779
1,0,0.1138236504833868
0,1,0.514242872500354
0,0,0.3260446626721135
0,0,0.34504399260034196
0,0,0.2931164058221001
0,0,0.3521833185439505
0,0,0.3320066665491698
1,0,0.3445362077641826
0,0,0.3667782635304422
0,0,0.4192593934255002
1,0,0.47058868744109184
0,0,0.36630193013547635
0,0,0.23704369142172343
0,0,0.16248014557883658
0,0,0.31058819897723555
0,0,0.3428489180744339
0,0,0.32001571677115137
0,0,0.44607360295363385
0,0,0.42152510296627926
0,0,0.30209634756376
0,0,0.406391720659253
0,0,0.24104241858542982
0,0,0.39175923314133315
0,0,0.2914423210728313
0,0,0.4526125792791897
0,0,0.4821729356366254
0,0,0.3589579547124928
0,0,0.16103653753653757
0,0,0.29675570233046755
0,0,0.40980374540828934
0,0,0.2655679581806682
0,0,0.10632530798228473
0,0,0.28594764395942707
1,0,0.2585809331266734
0,0,0.2803015752002396
0,0,0.3955808309500921
1,0,0.24715090193031367
0,0,0.2657014940444608
0,1,0.619762107829456
0,0,0.282605722354855
0,0,0.23018793018491038
0,0,0.35559507883403146
1,0,0.34817615148924425
0,0,0.36835508638124825
0,0,0.27305831742163644
0,0,0.34346671452083444
0,0,0.29576695647236223
1,0,0.49417738072684786
0,0,0.24240549231470282
0,0,0.44877949144480406
0,0,0.3551853712367865
0,0,0.382519744277671
0,0,0.26259886575267494
0,0,0.31812104182653705
0,0,0.25230363788775106
0,0,0.22048016063457235
1,0,0.39199687473763717
0,0,0.4189347849332269
0,0,0.3329915462012647
0,0,0.359808762923112
0,0,0.3757315898881645
0,0,0.28705332374978904
0,0,0.41329556720868255
0,0,0.13580040966070045
1,0,0.45059716317107945
0,0,0.4739301722195169
0,0,0.27493472832014043
1,0,0.35453628753668265
0,0,0.20591013531361158
1,1,0.5520461088641316
0,0,0.3100272109130805
0,0,0.40470866035892733
0,0,0.319849061732054
0,0,0.4034990663888389
0,0,0.23380625500683636
0,0,0.47988939337713826
0,0,0.3409033904385567
0,0,0.3057475042806777
0,0,0.22431339551587334
0,0,0.20707777723250187
0,0,0.17272676122180766
0,0,0.45673692398836163
0,0,0.21971118487125021
0,0,0.3062705670477721
0,0,0.4021431482747271
0,0,0.37457626742558825
0,1,0.5185197050980099
0,0,0.460581523229089
0,0,0.3642848055396966
0,0,0.17679388569034626
0,0,0.1838647742799859
0,0,0.4118356912782079
0,0,0.4179617205495075
0,0,0.486289689708926
0,0,0.3331864567171716
0,0,0.2390804128260269
0,0,0.2168298076651017
0,0,0.28932911133141
0,0,0.28696298375493995
0,0,0.31163035229363817
0,1,0.5040802885915152
0,0,0.44237987981158977
0,0,0.3048005770679301
0,0,0.16397198866270485
0,1,0.6047246404329933
0,0,0.41452906382966176
0,0,0.4441495022149765
0,0,0.29288974739915585
0,0,0.22608842827864564
1,0,0.27584454591194024
0,0,0.26346301053924637
0,0,0.3438415008220341
0,0,0.32982446540387705
0,0,0.3458643093546645
0,0,0.16941596787618962
0,0,0.17597779561766178
0,0,0.3826799884407933
0,0,0.4377015074045624
0,0,0.4195868185520202
0,0,0.4413900901753847
0,0,0.4900685144652663
0,0,0.15790708712310353
1,0,0.48001241644741194
0,0,0.27198106942077527
0,0,0.34108957666110257
0,0,0.35862548975363423
0,0,0.330831654074817
0,0,0.45817205887747936
0,0,0.41682558308859896
1,0,0.2597545511102931
0,0,0.41294740774870003
0,0,0.24196891703683585
1,0,0.4280242463662815
0,0,0.3350537701618282
0,0,0.3125359503954839
0,0,0.23706707047422915
0,0,0.19190406890881273
1,0,0.20806590601107963
0,0,0.43036617988971176
1,0,0.39471155614119496
0,0,0.305811467439203
1,0,0.23632350939703878
0,0,0.45075473466297933
0,0,0.29373711789700646
0,0,0.2275852708080968
0,0,0.22468230387889832
1,0,0.3010280978930643
0,0,0.4117812648190355
0,0,0.3336056332769624
0,0,0.4057958386264113
0,0,0.4063701067865757
0,0,0.42371787167158953
1,0,0.21765891037764765
0,0,0.22858469414173418
0,0,0.3843738544756746
0,0,0.21435922090894696
0,0,0.39793985176734364
0,0,0.3531892281476279
0,0,0.23481343888432965
0,1,0.5515539747657322
1,0,0.4152802229065957
0,0,0.23573349515001255
0,0,0.3384388337422045
1,0,0.23553893690308791
1,0,0.38418768731268726
0,0,0.4017603718305707
0,0,0.25397189206849
0,0,0.2687488670552395
0,1,0.5229409192796615
0,0,0.36537466616097447
0,0,0.29362616101810457
0,0,0.20520029909703816
0,0,0.3307517871829559
0,0,0.3329317603048252
0,0,0.4390978370907096
0,0,0.41264749608221457
1,0,0.2134434761207447
0,0,0.3751743938553588
0,0,0.2590118586763323
0,0,0.19525074138824133
0,0,0.40179922772976956
0,0,0.3028641486222756
0,0,0.33242128325716713
0,0,0.3542087423814676
0,0,0.43677679346244486
0,0,0.1559535986113651
1,0,0.2785846849801957
1,0,0.4087243084954642
0,1,0.6176371248410558
0,0,0.4333745512370942
0,0,0.3352071652798516
0,1,0.5179351877400503
0,0,0.15699720566290867
1,0,0.36684592859840526
0,0,0.2806210376024616
0,0,0.4561646225843304
0,1,0.7045979796766194
0,0,0.20659751859450903
0,0,0.4575173003072398
0,0,0.23997334492610994
0,0,0.23804850758821344
0,0,0.42494149110901025
0,0,0.42138415729531825
0,0,0.4721217086944693
0,0,0.28781123924047586
1,0,0.21538538346949077
0,1,0.5496717151014109
0,0,0.3787347186589644
0,0,0.3160079964986394
1,0,0.3096401859069926
0,1,0.5952040426020375
0,0,0.3956542918752845
0,0,0.43898902368782616
0,0,0.4223523930739419
0,0,0.24053355059972706
0,0,0.2909240604944385
1,0,0.2706243504528183
1,0,0.37381889529276285
0,0,0.2515773397749203
0,0,0.4860506934244549
0,0,0.4927503320499951
0,0,0.15413145180101695
0,0,0.25369923170886655
0,0,0.2256960144391719
0,0,0.33613440230298947
1,0,0.26474053411001663
0,1,0.5861436207266085
1,0,0.4317633950717106
0,0,0.2707281719852576
0,0,0.459824755962991
0,0,0.3422974923224923
0,0,0.4190153140203448
0,0,0.29202760632919694
0,0,0.16993490231532027
0,0,0.26956883613512916
0,0,0.21189129069716564
0,0,0.30159648031706837
0,0,0.3156342585619287
0,0,0.4063647174781179
0,0,0.32806338432809007
0,0,0.22619688399919913
0,1,0.557501547340483
0,0,0.48306538500957
0,1,0.5522557547540653
0,0,0.20030378558639422
0,0,0.4824049832887578
1,0,0.4878348794392245
0,1,0.7082361621250541
0,0,0.34552037908771643
0,0,0.30886694954793475
0,0,0.24747402352079373
0,1,0.5668253057308391
0,1,0.6389480653540657
0,0,0.33135640061727006
1,0,0.22638284379374535
0,0,0.4835046921441016
0,0,0.3447657031776423
0,0,0.44438604590398323
1,0,0.24369379370926594
0,0,0.4963830816723874
0,0,0.4445563609456057
0,0,0.36884206797047514
0,0,0.22084646712936182
0,0,0.1630298484418542
1,0,0.26262976892388634
0,0,0.2096439764369331
0,0,0.4914221407378456
0,0,0.4911606233058072
1,1,0.5694955259967642
1,0,0.30494600363965685
1,0,0.2423836023367757
0,0,0.1651794226470697
0,0,0.18191129659813873
0,0,0.28181507390624333
0,0,0.38308699322609097
0,0,0.19629314697103317
1,0,0.2756849362253287
0,0,0.41646379904110026
0,0,0.2522133944244918
0,0,0.41969745109212814
1,0,0.367204211619696
0,1,0.529748534357513
0,0,0.23423998103345928
0,1,0.551524178364971
1,0,0.2508402487678803
0,0,0.30500284243047404
0,0,0.22678712087583827
0,1,0.5282798906289389
0,0,0.3364613687968951
0,0,0.4243685745867297
0,0,0.14582927353147937
0,0,0.25542828759743097
1,0,0.22250422574106787
0,0,0.2737591013730657
0,0,0.1491078681229765
0,0,0.41271001859624146
0,0,0.190261413151119
0,0,0.41787571126052375
0,0,0.3855648251471418
0,0,0.29137906695414434
0,1,0.5392048657915337
0,0,0.27781858774671847
0,0,0.3582780367780367
0,0,0.48822986542087193
0,0,0.2693216840502256
0,0,0.19607483833954428
0,0,0.2794950348183107
0,0,0.3702522435022574
0,0,0.3273422279702169
1,0,0.21042757377139956
0,0,0.2897956975671149
0,0,0.4545280567068547
0,1,0.6698418405073667
0,0,0.37172622651686094
0,0,0.4443264848885201
0,0,0.25136155571294877
0,0,0.4003220713782969
0,0,0.47018360653354163
0,0,0.23436621679822153
0,0,0.2529781392894473
0,0,0.20358438704492043
0,0,0.3445148826119413
0,0,0.2911914893599756
0,0,0.408564067367968
0,0,0.4525683363091976
0,1,0.5489658579940224
0,0,0.2262996839284248
0,0,0.2593277819388499
0,0,0.4256605704401904
1,0,0.17768089728274153
0,0,0.3632480118152886
0,0,0.19060094344366113
0,0,0.3468298213477446
0,0,0.20952166291240684
0,0,0.4611628870124679
0,1,0.6686166593980623
1,0,0.4762508250347245
0,0,0.49572172707138845
0,0,0.3029897489252773
0,0,0.23776400825528318
0,0,0.26448540713672286
0,1,0.5239832946301479
0,0,0.4763416721190099
0,0,0.40334964146020763
0,0,0.20607922145656699
0,0,0.32723489559398405
0,0,0.3667513693891976
0,0,0.23770723431158208
0,0,0.4691111081811679
0,0,0.37221942480898335
0,0,0.49252081865224273
0,0,0.3137257614706494
0,0,0.38553767001503664
0,0,0.30742344649436515
0,0,0.43860240583290117
0,0,0.4894185081394187
0,0,0.21126432879985504
0,0,0.31073566426592997
1,0,0.3592107700974443
0,1,0.5013013719154626
1,0,0.19272330702206855
0,0,0.3035679955268193
0,1,0.5415088790502577
0,0,0.13672695627958784
0,0,0.2583207244351745
0,0,0.39949128737681877
0,1,0.7215539735343655
1,0,0.1260653227491463
0,0,0.17865123889698195
0,1,0.5520064920311097
0,0,0.232729378362206
1,0,0.29130656819839273
0,0,0.22162294148436562
0,0,0.3458350866230871
1,0,0.40760966035503143
0,1,0.667717698769407
0,0,0.33029195675822887
0,1,0.5357302133139279
0,0,0.24016291432143352
1,0,0.0816721752971753
0,0,0.19102114993138844
0,0,0.42710952709068617
0,0,0.17435063669734344
0,0,0.3779517562681303
0,0,0.4068372179273524
1,0,0.2245077103902292
0,0,0.22716651223305775
0,0,0.4602097708093014
0,0,0.4554171448890383
0,1,0.5516643167246176
0,0,0.3592970860285916
0,0,0.33226599381533223
0,0,0.1958710568148973
0,0,0.3187662565897859
0,0,0.22786299405660634
1,0,0.3023963676700951
1,0,0.29359699861828353
0,0,0.34397897561536067
0,0,0.3310070334397016
0,0,0.40025929582023956
1,0,0.34755127292397076
1,0,0.38542147083363903
0,0,0.29233354710579723
0,0,0.29534161878050097
0,0,0.49945595766877376
0,0,0.3498205817153947
0,0,0.13986242337594912
0,1,0.6523983753457131
0,0,0.3315983857738254
0,0,0.36883503584781496
0,0,0.242438145604075
0,0,0.32502235615245584
0,0,0.4253905554030592
0,0,0.18795578331160173
1,0,0.336015217832744
0,0,0.2065674215928379
0,0,0.27934789944174615
0,0,0.2772840585340583
0,0,0.36128067712102124
0,0,0.26133301186282737
0,0,0.39766398205059755
0,0,0.30689164011258296
0,0,0.40022894273131443
1,0,0.3080658203352168
0,0,0.2139159520373806
0,0,0.42631444458790657
0,0,0.42437830317458847
0,0,0.29723966312936895
0,0,0.4781296004294404
0,0,0.17546464688210467
0,0,0.22876206339374577
0,0,0.32130758858884767
0,0,0.3166330093730418
1,0,0.4082983736107833
0,0,0.3255387808530103
0,0,0.4967961758908687
0,0,0.22181559605398612
0,0,0.21701257410233063
0,0,0.3914082996031209
1,0,0.36361543153425313
1,0,0.35394199039348756
0,0,0.2966064018205969
0,0,0.22421445492478378
0,0,0.45173549465942736
0,0,0.23000757708227848
0,0,0.4466405699853916
0,0,0.25182683105084924
1,0,0.14396035878466218
1,0,0.432237054666142
0,0,0.23632773036263094
0,0,0.3831633437440991
0,0,0.20375772644861723
0,0,0.43368632571746873
0,0,0.42697523954545186
0,1,0.6162745847261262
0,0,0.32962769909828715
0,0,0.4975675438861799
0,0,0.38428396816161464
0,0,0.2786891293261262
0,0,0.11802614052614054
0,0,0.31824168628467125
0,0,0.2538265488864916
1,0,0.4007434820222295
0,0,0.4801216563920364
1,0,0.24995869858560477
0,0,0.20826686228002014
0,0,0.3021099940226674
0,0,0.22170408515967888
1,0,0.2443386374676698
1,0,0.3636716246716248
0,0,0.1889762126101412
0,0,0.4462525773025801
0,0,0.4268187509298257
0,0,0.2783265015761919
0,0,0.3545079229010387
0,1,0.5442732585373192
0,0,0.24113435078000242
0,0,0.28867913180946064
0,0,0.359308146604093
0,0,0.3601128025807067
0,0,0.09379464054464054
0,1,0.5303251650771467
0,0,0.27456821085300803
0,0,0.4238931741461152
0,0,0.33472131783199416
0,0,0.40315916179183475
0,0,0.17890226636879955
0,0,0.33359885409535306
0,0,0.3765107821491457
0,0,0.307942555924754
0,0,0.2910053207957618
0,0,0.31412090080521926
0,0,0.13962451245783916
0,0,0.30542037253068804
0,0,0.28654309654912036
0,0,0.21993198728755511
0,0,0.3221841614268085
1,0,0.17558488208488204
1,1,0.5440569722966182
0,0,0.21337975342975335
0,0,0.1528008781972976
0,0,0.17220646600700032
0,0,0.33179560542990616
0,0,0.15261968322208597
0,0,0.24651677584550247
0,0,0.24225064760960346
0,0,0.33752042317670106
1,0,0.4612158056907206
0,1,0.5248666404002369
1,0,0.23538308144288536
1,0,0.3405478258067672
0,0,0.4049528663303935
0,1,0.5464945620051433
0,0,0.25643226399235186
0,0,0.44744224388847764
0,0,0.38026840966104153
0,1,0.6207666732964147
0,0,0.3352279607297912
0,0,0.2941225643456036
0,1,0.57969915821309
0,0,0.3481296794173929
0,0,0.1521520766492102
0,0,0.17465413532847082
0,0,0.23114672913625464
0,0,0.15874984412196685
0,0,0.4685879390853888
0,0,0.4089448835720762
0,0,0.28576250799016456
0,0,0.46211009097464795
0,0,0.265353233345715
0,0,0.3358858577720469
0,0,0.1549625593988191
0,0,0.4679625037754759
0,0,0.2899234295601479
1,0,0.20697944658727874
1,0,0.2859363235303104
0,0,0.1574200795586643
0,0,0.27420099315149105
0,0,0.2852142829410006
0,0,0.3797810919619329
0,0,0.38239705829125065
0,0,0.3662878949956373
0,0,0.41340088496241717
0,0,0.18335567526729052
0,0,0.46379262549623596
0,0,0.35875791789813966
0,0,0.313657056880332
0,0,0.4702943727593336
1,0,0.22329645518557845
0,0,0.249531195097907
1,0,0.3833621572954098
0,0,0.25883574390469327
0,0,0.4452642400840685
0,0,0.30513737779646516
0,0,0.2997970764508779
0,0,0.42694093129849886
0,0,0.467172502284596
1,0,0.3291193172988836
0,0,0.1308166963755199
0,0,0.17424857532938123
1,0,0.30168096388326204
0,0,0.45765864557544983
0,0,0.33451953558168
0,0,0.3629540265652827
0,0,0.20833028784752916
0,0,0.20995938991671795
0,0,0.2536570525879348
0,0,0.1842315036236012
0,0,0.21869764877177872
0,0,0.212039709041987
1,0,0.32459750366663015
0,0,0.15328674667641257
0,0,0.1938321003071003
0,0,0.2915443090648918
0,0,0.39172256920709236
0,0,0.21519081210854452
1,0,0.36376519787985234
0,0,0.1874342892240489
0,0,0.2923561079470836
0,0,0.2762902008688188
0,0,0.17330122678049545
0,0,0.1653633247411818
0,0,0.3939047089305601
0,1,0.5854321363492491
0,0,0.27708147390166443
0,0,0.32111386093483274
0,0,0.24702030402328437
0,0,0.2598603479853478
0,0,0.46869588292899056
1,0,0.22588408102045865
1,0,0.30277176309433773
0,0,0.31806551719451337
0,0,0.48893804734867125
0,0,0.38903127050656333
0,0,0.40675650467839014
0,0,0.2339468976841665
0,0,0.30567485534581973
1,0,0.1388839797327751
0,0,0.25202761460181594
0,0,0.24859072611858982
0,0,0.49437735595036175
0,0,0.20158804158804156
0,0,0.4027576565224923
0,0,0.1848936730404212
0,0,0.44568486756696357
1,0,0.39297492316232896
0,0,0.3313472254022365
0,0,0.18893901260030296
0,0,0.19584634504614415
0,0,0.35168124658565814
0,0,0.20067628131968823
1,0,0.40697320537067583
0,0,0.49537682915427106
0,0,0.24155504377998643
0,0,0.3811354955842422
1,0,0.23233555292933739
0,0,0.19345353611530086
0,0,0.2773389346469205
1,0,0.21281434653396702
0,0,0.36106272939157563
0,0,0.28928095010138344
0,0,0.37062688818576717
0,0,0.239779589130303
0,0,0.4159769595728489
0,0,0.22255180724305992
1,0,0.47064981053568017
0,0,0.3283154470769646
1,0,0.27366963775579556
0,0,0.2871887720661427
0,0,0.17790498000905977
1,0,0.26852911115925643
0,0,0.39701822734178244
0,0,0.2053808941416469
0,0,0.2885983357435838
0,0,0.3310050587456574
0,0,0.21656798158268747
0,0,0.270709197481798
1,0,0.2736907372383378
0,0,0.2868734006092754
0,0,0.29910053660363256
0,0,0.37246808416758087
0,0,0.28106691490918245
0,0,0.38946190422702326
0,0,0.29134560517455244
0,0,0.22020572673513844
0,1,0.5406330019745685
1,0,0.28688316206736036
0,0,0.2659243961483898
0,0,0.2392068395589193
0,0,0.4851817609182022
1,1,0.5656694909877532
0,0,0.4177085043839864
0,0,0.21048817386317376
0,0,0.26796744642735915
0,0,0.254590338613471
0,1,0.5915903331970898
0,0,0.40997657977201823
0,0,0.27442419018889597
0,0,0.388772484806946
1,0,0.3566941671083113
0,0,0.1428058053058053
0,0,0.22517287405788536
1,0,0.30493375448967097
0,0,0.44850414363662555
1,0,0.4887196659985391
0,0,0.4446885695233025
0,0,0.3564820964539436
0,0,0.2766520316133427
0,0,0.44205504037780796
1,0,0.21267394533969144
0,0,0.2963391254788314
0,0,0.22774393387433553
0,0,0.1850432923557924
0,0,0.29346291190207696
0,0,0.19890891129567603
0,0,0.3847336048602632
0,0,0.2941225845949431
0,1,0.5128252502393984
0,0,0.25595728992484107
0,0,0.37306593285863227
0,0,0.21771842204014324
0,0,0.20930987888831365
1,0,0.2394478432430219
0,0,0.2504882381955703
0,0,0.4130649051121661
0,0,0.24749105127581983
0,0,0.4927224384273906
0,0,0.16268722508428385
0,0,0.2665293729272842
0,0,0.499494800134506
0,0,0.31649772683170513
1,0,0.35962225307559986
1,0,0.3088489117145304
0,0,0.4288353177313183
0,0,0.42786195516799175
0,0,0.3411756533223271
0,0,0.15253666029349144
1,0,0.38692316114684544
0,0,0.1382027308785498
0,0,0.46557296894314165
0,0,0.30981888824738885
0,0,0.26743093544715796
0,0,0.2988320046583315
0,0,0.317451923511604
0,0,0.2859920476423808
1,1,0.7688154954621919
0,0,0.26081210982762376
0,0,0.204986015689963
0,0,0.21336860434240512
0,0,0.17195680984834308
0,0,0.2882954073727731
0,0,0.35403654692257625
0,0,0.4502866828160943
1,0,0.17327981560552858
0,0,0.3868075480498844
1,0,0.365065627591363
0,0,0.38657960443745554
0,0,0.3235592482569034
1,0,0.3483823379200721
0,0,0.3894486095346163
0,0,0.21695796795796785
0,0,0.16484659186499295
0,0,0.4234547941051007
0,0,0.2683665247942856
0,0,0.2381280778759096
0,1,0.5818975641512331
1,0,0.2749066348440079
0,0,0.22062666962666952
1,0,0.3316366893902284
0,0,0.3918490174804735
0,0,0.2934077179040075
0,0,0.25982681203655844
0,0,0.48260496517486
0,0,0.4017172342484137
0,0,0.4108862127508412
0,0,0.3122667983031759
0,0,0.36877762052668667
0,0,0.33950464469484487
0,0,0.43404858631384485
0,0,0.37719352353110724
0,0,0.4409303816251982
0,0,0.2536418287585211
0,0,0.29687633845622985
0,0,0.20098787202076676
0,0,0.2587512660367955
0,0,0.3688282393033281
0,0,0.34862147011670347
0,0,0.2838952513872726
1,0,0.22057689855003518
0,0,0.41270653636163945
0,0,0.2814781280711528
0,0,0.19836434170071507
0,0,0.15478321678321683
0,0,0.3061806698477233
0,0,0.38431743160931137
0,0,0.27158231095887425
0,0,0.465245652354331
0,0,0.4026957728612716
0,0,0.38948589901167335
0,0,0.4149541785768603
0,0,0.195237856297331
0,0,0.41324725921766076
0,0,0.3603916860637035
0,0,0.41237845996959666
0,0,0.4103336944109033
0,0,0.37539659105657547
0,0,0.3455243274968285
1,0,0.24866287491348685
1,0,0.22212234199820008
1,0,0.26774897937832015
0,0,0.19288574629361263
0,0,0.45055921393421383
0,0,0.24198997184446094
0,0,0.25091731572730025
0,0,0.3662033202307938
0,1,0.5024556431156663
1,0,0.2271167652184601
0,0,0.2993440367787687
0,0,0.2514031366463926
0,0,0.43403553248798543
0,0,0.38581514288301816
0,0,0.414565323073406
0,0,0.4882413952043832
0,0,0.3441287788078469
1,0,0.2912647160201337
0,0,0.3209369103565818
0,0,0.22442123130281014
0,0,0.23870845113346903
0,0,0.12081702141516719
0,0,0.1834056090459222
0,0,0.45349893187933077
1,0,0.27109847450946506
0,0,0.19776727363321564
0,0,0.3550620273517955
0,0,0.09516407007207092
0,0,0.25179889570640335
0,0,0.3053511364796194
0,0,0.2564370423352275
0,0,0.44031195608704177
1,0,0.10496274858039566
0,0,0.24311719040642926
0,0,0.41285358118278515
0,0,0.21429988253275803
0,0,0.4400697517996278
0,0,0.432269302567618
0,0,0.3205861445280294
0,1,0.614776172125669
0,0,0.3275860189276663
0,0,0.19971071711512878
0,0,0.2976997837737058
0,0,0.4304548096311622
0,0,0.4417784778645632
0,0,0.2724222169380309
0,0,0.3222941379231435
0,0,0.2705442929122595
0,0,0.2744257018643634
0,0,0.4025679733833891
0,0,0.4042038418402545
0,0,0.2950779444774542
0,0,0.458040372748602
1,1,0.5641453463058388
1,0,0.17853705730687158
0,0,0.27231402549436595
0,0,0.17683897234177248
0,0,0.27507751780061135
0,0,0.1235915268941585
0,0,0.18481801348519614
0,0,0.3065603296001622
0,0,0.21670783295816146
0,0,0.2983677629667566
0,0,0.48123059632626874
0,0,0.25172488996786063
0,0,0.21361181930957465
1,0,0.48035313355280257
0,0,0.34624528922516523
0,0,0.24613304666793379
0,0,0.331525180673534
0,0,0.4875847127216319
0,0,0.46689221398752845
1,0,0.20216291537461747
0,0,0.4000776662621864
0,0,0.31023866107467496
0,1,0.5096710750931596
0,0,0.28756104870075455
0,0,0.28244615558087
0,0,0.4768880361244938
0,0,0.3830730499775002
0,0,0.35331116888557135
0,0,0.15129806911460544
0,0,0.3301410280053508
0,1,0.5956082337135521
0,0,0.12932454854513678
0,0,0.37721790971407304
1,0,0.4163623495147327
0,0,0.2126626898936325
1,0,0.23942868313030843
0,0,0.3680855897878274
0,0,0.20718274785465443
0,0,0.30315108040108024
1,1,0.6508043361738527
0,0,0.35496567988423694
0,0,0.4102136744827888
0,0,0.21977410435950154
0,0,0.33963177564013464
0,0,0.2632885894062365
0,0,0.20712768230221792
0,0,0.4474605768809211
0,0,0.2472942631442632
0,0,0.2600655422164043
0,0,0.17994969037667088
0,0,0.33941766039358906
0,0,0.2112823674231048
0,0,0.3783945667393034
0,0,0.284189958581549
1,0,0.4995506018248912
0,0,0.36684516284685564
0,0,0.23839736254171234
0,0,0.4008709290793525
0,1,0.5951668280700518
0,0,0.34930293806545093
0,0,0.4318629218382112
1,0,0.2873823050652862
0,0,0.3162547000872075
0,0,0.29954143620684975
0,0,0.24467376696369442
0,0,0.3477345528510003
0,0,0.462258266801767
0,0,0.46719440723287364
1,0,0.4891694771913708
1,0,0.2479998500842495
0,0,0.2653991365684865
0,0,0.20390789403002232
0,1,0.5014180070790545
1,0,0.4959714749055119
0,0,0.335914712194124
0,0,0.31532099927849255
1,0,0.18697053712159492
0,0,0.3828553201576376
0,0,0.18874566898269302
0,0,0.2936453607134858
0,0,0.142704038345705
0,0,0.22267092942079558
0,0,0.48609293543940957
0,0,0.2885561362155789
0,0,0.40394628201485944
0,0,0.19555046355133118
0,0,0.4946903438542326
0,0,0.32885608591534726
0,0,0.348214861254866
0,0,0.4094013281235858
0,0,0.25301240712160217
0,1,0.5572642889537547
0,0,0.17761667653947064
0,1,0.5313219533986584
1,0,0.17565816231736403
0,1,0.5510719880475665
0,0,0.15571121514694033
1,0,0.16867714045282634
0,0,0.1536478044310525
0,1,0.5207781437056404
1,0,0.20889017931959106
0,0,0.2807854078139765
0,0,0.21649734703347231
0,0,0.44769065384915696
0,0,0.23783310030794244
0,1,0.6277634662802883
0,0,0.2975806825865463
0,0,0.11248323710333513
0,0,0.1325859266006325
1,0,0.3219541224987531
0,0,0.3538561101155501
0,0,0.4809520402005066
0,0,0.33667969715805457
0,0,0.12620798902961466
0,0,0.27972041608488946
0,0,0.2572324503045482
0,0,0.34995708064763886
0,0,0.22985342742612852
0,0,0.37079372313950654
0,0,0.36250916027488395
0,0,0.29420027207563193
0,0,0.3660756217697063
0,0,0.407502994544319
1,0,0.39930891473634117
0,0,0.34439618217885504
0,0,0.21637801504169782
1,0,0.2398584780395118
0,0,0.4098919164344102
0,0,0.3822631879478194
0,0,0.13099931452345134
1,0,0.34271615800995453
1,0,0.13796962895492312
0,0,0.26321684544483853
0,0,0.3067401209829654
0,0,0.43430889597445327
0,1,0.5379857023009194
0,0,0.2652410753233501
1,0,0.4277465081043253
0,0,0.30420000618858867
