trip_id,route_id,operator_id,vehicle_type,departure_datetime,arrival_datetime,total_seats,bookings,seats_sold,revenue,unique_customers,route_name,source,destination,distance_km,route,available_seats,occupancy_percentage,revenue_per_seat,occupancy_category
TRIP00001,R028,OP006,AUTO,2025-07-19 21:30:00,2025-07-20 02:13:33.743605,3,61,125,105941.62,60,Bengaluru To Coimbatore,Bengaluru,Coimbatore,242,Bengaluru → Coimbatore,-122,100.0,847.53296,Very High
TRIP00002,R016,OP003,CAB,2026-03-10 05:30:00,2026-03-10 15:39:01.699616,5,57,147,212042.89,57,Pondicherry To Tirunelveli,Pondicherry,Tirunelveli,523,Pondicherry → Tirunelveli,-142,100.0,1442.4686394557823,Very High
TRIP00003,R019,OP015,AUTO,2025-01-26 05:45:00,2025-01-26 12:49:07.252819,3,59,122,124351.69,59,Thanjavur To Hyderabad,Thanjavur,Hyderabad,332,Thanjavur → Hyderabad,-119,100.0,1019.2761475409836,Very High
TRIP00004,R018,OP005,AUTO,2025-06-01 19:45:00,2025-06-02 03:21:30.555825,3,55,108,144590.33,54,Trichy To Erode,Trichy,Erode,448,Trichy → Erode,-105,100.0,1338.7993518518517,Very High
TRIP00005,R029,OP003,CAB,2025-11-18 08:30:00,2025-11-18 11:34:02.831042,6,54,125,57195.8,54,Chennai To Coimbatore,Chennai,Coimbatore,173,Chennai → Coimbatore,-119,100.0,457.56640000000004,Very High
TRIP00006,R011,OP008,CAB,2026-09-14 19:30:00,2026-09-15 06:19:14.586288,5,54,144,245611.64,54,Bengaluru To Thanjavur,Bengaluru,Thanjavur,531,Bengaluru → Thanjavur,-139,100.0,1705.636388888889,Very High
TRIP00007,R015,OP008,AUTO,2025-01-18 08:00:00,2025-01-18 09:59:39.116603,3,49,97,40671.61,49,Tirunelveli To Coimbatore,Tirunelveli,Coimbatore,133,Tirunelveli → Coimbatore,-94,100.0,419.29494845360824,Very High
TRIP00008,R002,OP005,AUTO,2026-01-13 09:30:00,2026-01-13 15:07:24.666057,3,45,85,88184.43000000001,45,Thanjavur To Coimbatore,Thanjavur,Coimbatore,370,Thanjavur → Coimbatore,-82,100.0,1037.4638823529413,Very High
TRIP00009,R005,OP003,AUTO,2026-07-18 05:45:00,2026-07-18 12:06:37.989447,3,58,119,134097.4,57,Bengaluru To Trichy,Bengaluru,Trichy,389,Bengaluru → Trichy,-116,100.0,1126.8689075630252,Very High
TRIP00010,R011,OP008,BIKE,2025-07-02 15:00:00,2025-07-02 23:41:31.268452,1,60,60,101119.7,60,Bengaluru To Thanjavur,Bengaluru,Thanjavur,531,Bengaluru → Thanjavur,-59,100.0,1685.3283333333334,Very High
TRIP00011,R016,OP007,CAB,2026-08-03 06:00:00,2026-08-03 14:17:32.820841,5,58,138,195968.91,58,Pondicherry To Tirunelveli,Pondicherry,Tirunelveli,523,Pondicherry → Tirunelveli,-133,100.0,1420.0645652173914,Very High
TRIP00012,R015,OP002,CAB,2025-03-07 07:15:00,2025-03-07 09:58:33.637597,6,65,159,67135.67,64,Tirunelveli To Coimbatore,Tirunelveli,Coimbatore,133,Tirunelveli → Coimbatore,-153,100.0,422.2369182389937,Very High
TRIP00013,R001,OP018,BIKE,2025-08-29 07:30:00,2025-08-29 13:02:25.753479,1,47,47,52930.5,46,Pondicherry To Chennai,Pondicherry,Chennai,384,Pondicherry → Chennai,-46,100.0,1126.1808510638298,Very High
TRIP00014,R026,OP016,AUTO,2025-03-25 18:30:00,2025-03-26 03:03:42.658582,3,67,125,226955.49,66,Vellore To Pondicherry,Vellore,Pondicherry,546,Vellore → Pondicherry,-122,100.0,1815.64392,Very High
TRIP00015,R010,OP018,AUTO,2026-02-15 22:00:00,2026-02-16 03:14:52.928232,3,62,125,101515.94,62,Hyderabad To Madurai,Hyderabad,Madurai,305,Hyderabad → Madurai,-122,100.0,812.12752,Very High
TRIP00016,R011,OP016,AUTO,2026-12-13 09:00:00,2026-12-13 17:07:27.647062,3,40,75,127595.42,39,Bengaluru To Thanjavur,Bengaluru,Thanjavur,531,Bengaluru → Thanjavur,-72,100.0,1701.2722666666666,Very High
TRIP00017,R011,OP013,BUS,2025-06-12 08:30:00,2025-06-12 18:58:35.371918,30,60,189,318292.43,60,Bengaluru To Thanjavur,Bengaluru,Thanjavur,531,Bengaluru → Thanjavur,-159,100.0,1684.0869312169311,Very High
TRIP00018,R016,OP019,CAB,2025-02-23 12:45:00,2025-02-24 00:06:17.231464,4,52,127,179479.27,52,Pondicherry To Tirunelveli,Pondicherry,Tirunelveli,523,Pondicherry → Tirunelveli,-123,100.0,1413.2225984251968,Very High
TRIP00019,R013,OP012,AUTO,2025-06-06 09:30:00,2025-06-06 12:16:11.029683,3,57,112,47553.34,57,Hyderabad To Erode,Hyderabad,Erode,147,Hyderabad → Erode,-109,100.0,424.5833928571428,Very High
TRIP00020,R008,OP010,AUTO,2025-01-20 21:30:00,2025-01-21 02:27:21.162891,3,63,120,103747.33,62,Bengaluru To Erode,Bengaluru,Erode,284,Bengaluru → Erode,-117,100.0,864.5610833333334,Very High
TRIP00021,R030,OP005,BUS,2026-07-18 07:00:00,2026-07-18 09:14:23.498441,40,63,186,74880.93,62,Thanjavur To Pondicherry,Thanjavur,Pondicherry,112,Thanjavur → Pondicherry,-146,100.0,402.5856451612903,Very High
TRIP00022,R029,OP012,BUS,2025-08-24 20:00:00,2025-08-24 23:13:10.310797,45,60,158,73194.24,60,Chennai To Coimbatore,Chennai,Coimbatore,173,Chennai → Coimbatore,-113,100.0,463.2546835443038,Very High
TRIP00023,R020,OP015,BUS,2026-06-06 10:45:00,2026-06-06 19:08:11.104040,45,46,133,175377.61,46,Trichy To Thanjavur,Trichy,Thanjavur,422,Trichy → Thanjavur,-88,100.0,1318.6286466165413,Very High
TRIP00024,R018,OP003,CAB,2025-09-30 22:30:00,2025-10-01 06:15:16.642362,4,45,115,155853.80000000002,45,Trichy To Erode,Trichy,Erode,448,Trichy → Erode,-111,100.0,1355.2504347826089,Very High
TRIP00025,R024,OP004,BIKE,2026-09-15 13:30:00,2026-09-16 00:24:10.968024,1,57,57,82711.66,56,Madurai To Thanjavur,Madurai,Thanjavur,544,Madurai → Thanjavur,-56,100.0,1451.081754385965,Very High
TRIP00026,R013,OP019,AUTO,2026-02-07 08:30:00,2026-02-07 11:06:41.106815,3,56,111,47653.64,56,Hyderabad To Erode,Hyderabad,Erode,147,Hyderabad → Erode,-108,100.0,429.31207207207206,Very High
TRIP00027,R022,OP010,BUS,2026-09-10 21:45:00,2026-09-11 03:17:50.167854,30,48,146,120026.1,48,Bengaluru To Chennai,Bengaluru,Chennai,278,Bengaluru → Chennai,-116,100.0,822.0965753424658,Very High
TRIP00028,R025,OP008,BIKE,2026-02-01 08:15:00,2026-02-01 14:49:46.310750,1,42,42,46404.51,42,Vellore To Bengaluru,Vellore,Bengaluru,329,Vellore → Bengaluru,-41,100.0,1104.8692857142858,Very High
TRIP00029,R013,OP011,BUS,2026-12-08 11:30:00,2026-12-08 14:13:15.744649,40,58,176,73437.53,58,Hyderabad To Erode,Hyderabad,Erode,147,Hyderabad → Erode,-136,100.0,417.25869318181816,Very High
TRIP00030,R003,OP009,BIKE,2026-08-04 13:15:00,2026-08-04 22:32:39.400558,1,56,56,90692.02,54,Pondicherry To Erode,Pondicherry,Erode,537,Pondicherry → Erode,-55,100.0,1619.5003571428572,Very High
TRIP00031,R030,OP019,CAB,2025-01-13 11:15:00,2025-01-13 12:56:02.341963,5,59,126,51817.92,59,Thanjavur To Pondicherry,Thanjavur,Pondicherry,112,Thanjavur → Pondicherry,-121,100.0,411.25333333333333,Very High
TRIP00032,R004,OP013,CAB,2026-02-02 15:45:00,2026-02-03 00:37:42.882535,5,42,114,160971.53,42,Bengaluru To Madurai,Bengaluru,Madurai,618,Bengaluru → Madurai,-109,100.0,1412.0309649122808,Very High
TRIP00033,R017,OP010,CAB,2026-05-07 22:30:00,2026-05-08 03:27:48.186226,4,50,128,84012.85,50,Coimbatore To Tirunelveli,Coimbatore,Tirunelveli,322,Coimbatore → Tirunelveli,-124,100.0,656.350390625,Very High
TRIP00034,R010,OP013,BUS,2026-09-24 08:00:00,2026-09-24 12:35:56.831900,30,61,177,147642.88,60,Hyderabad To Madurai,Hyderabad,Madurai,305,Hyderabad → Madurai,-147,100.0,834.1405649717515,Very High
TRIP00035,R025,OP003,CAB,2025-10-08 05:30:00,2025-10-08 11:21:42.325573,4,54,137,149983.43,53,Vellore To Bengaluru,Vellore,Bengaluru,329,Vellore → Bengaluru,-133,100.0,1094.7695620437955,Very High
TRIP00036,R017,OP008,AUTO,2025-02-24 16:15:00,2025-02-24 21:30:58.430223,3,65,116,75337.75,65,Coimbatore To Tirunelveli,Coimbatore,Tirunelveli,322,Coimbatore → Tirunelveli,-113,100.0,649.4633620689655,Very High
TRIP00037,R021,OP006,BUS,2026-01-17 07:30:00,2026-01-17 09:29:03.221036,45,64,180,64135.82,64,Thanjavur To Trichy,Thanjavur,Trichy,110,Thanjavur → Trichy,-135,100.0,356.3101111111111,Very High
TRIP00038,R018,OP008,AUTO,2025-02-05 08:30:00,2025-02-05 17:43:42.131423,3,45,89,119817.73,45,Trichy To Erode,Trichy,Erode,448,Trichy → Erode,-86,100.0,1346.2666292134832,Very High
TRIP00039,R011,OP007,AUTO,2025-07-29 08:00:00,2025-07-29 15:55:28.250232,3,61,119,198162.97,61,Bengaluru To Thanjavur,Bengaluru,Thanjavur,531,Bengaluru → Thanjavur,-116,100.0,1665.2350420168068,Very High
TRIP00040,R007,OP004,CAB,2025-06-28 05:00:00,2025-06-28 18:29:17.462280,5,55,149,315159.33,55,Madurai To Erode,Madurai,Erode,636,Madurai → Erode,-144,100.0,2115.163288590604,Very High
TRIP00041,R025,OP016,AUTO,2026-08-17 22:30:00,2026-08-18 04:51:26.217583,3,57,114,127659.39,57,Vellore To Bengaluru,Vellore,Bengaluru,329,Vellore → Bengaluru,-111,100.0,1119.8192105263158,Very High
TRIP00042,R029,OP009,AUTO,2025-03-06 09:15:00,2025-03-06 12:57:36.510878,3,40,86,39033.9,40,Chennai To Coimbatore,Chennai,Coimbatore,173,Chennai → Coimbatore,-83,100.0,453.8825581395349,Very High
TRIP00043,R021,OP002,AUTO,2025-01-31 06:45:00,2025-01-31 08:43:15.224422,3,72,146,51761.83,72,Thanjavur To Trichy,Thanjavur,Trichy,110,Thanjavur → Trichy,-143,100.0,354.5330821917808,Very High
TRIP00044,R008,OP019,BUS,2026-02-27 10:00:00,2026-02-27 14:46:46.612444,30,48,132,116494.85,48,Bengaluru To Erode,Bengaluru,Erode,284,Bengaluru → Erode,-102,100.0,882.5367424242424,Very High
TRIP00045,R017,OP005,BIKE,2025-10-15 14:45:00,2025-10-15 21:10:52.759616,1,64,64,42506.159999999996,64,Coimbatore To Tirunelveli,Coimbatore,Tirunelveli,322,Coimbatore → Tirunelveli,-63,100.0,664.1587499999999,Very High
TRIP00046,R030,OP002,AUTO,2025-01-25 13:15:00,2025-01-25 15:27:06.014036,3,59,118,48476.28,58,Thanjavur To Pondicherry,Thanjavur,Pondicherry,112,Thanjavur → Pondicherry,-115,100.0,410.8159322033898,Very High
TRIP00047,R025,OP002,AUTO,2025-01-02 06:45:00,2025-01-02 12:19:43.559440,3,48,91,100711.97,48,Vellore To Bengaluru,Vellore,Bengaluru,329,Vellore → Bengaluru,-88,100.0,1106.724945054945,Very High
TRIP00048,R005,OP016,BIKE,2025-08-26 06:30:00,2025-08-26 13:41:24.981208,1,50,50,56445.98,50,Bengaluru To Trichy,Bengaluru,Trichy,389,Bengaluru → Trichy,-49,100.0,1128.9196000000002,Very High
TRIP00049,R006,OP009,BIKE,2026-04-13 20:15:00,2026-04-13 23:33:46.741856,1,58,58,38242.54,58,Trichy To Salem,Trichy,Salem,180,Trichy → Salem,-57,100.0,659.3541379310345,Very High
TRIP00050,R014,OP012,BIKE,2026-07-19 22:15:00,2026-07-20 02:02:28.251341,1,55,55,34741.7,55,Coimbatore To Chennai,Coimbatore,Chennai,201,Coimbatore → Chennai,-54,100.0,631.6672727272727,Very High
TRIP00051,R011,OP011,BIKE,2026-02-21 10:45:00,2026-02-21 20:31:42.638431,1,65,65,111898.56,64,Bengaluru To Thanjavur,Bengaluru,Thanjavur,531,Bengaluru → Thanjavur,-64,100.0,1721.5163076923077,Very High
TRIP00052,R010,OP009,AUTO,2025-10-27 09:45:00,2025-10-27 14:40:40.360395,3,49,104,84655.55,49,Hyderabad To Madurai,Hyderabad,Madurai,305,Hyderabad → Madurai,-101,100.0,813.9956730769231,Very High
TRIP00053,R008,OP010,CAB,2026-01-04 18:00:00,2026-01-04 22:43:44.735232,5,51,122,106556.43,51,Bengaluru To Erode,Bengaluru,Erode,284,Bengaluru → Erode,-117,100.0,873.4133606557376,Very High
TRIP00054,R027,OP003,CAB,2026-01-03 19:45:00,2026-01-04 05:07:56.828925,4,61,146,182292.89,61,Tirunelveli To Madurai,Tirunelveli,Madurai,599,Tirunelveli → Madurai,-142,100.0,1248.5814383561644,Very High
TRIP00055,R027,OP015,CAB,2025-12-18 21:15:00,2025-12-19 07:14:18.090695,6,58,135,164277.95,58,Tirunelveli To Madurai,Tirunelveli,Madurai,599,Tirunelveli → Madurai,-129,100.0,1216.8737037037038,Very High
TRIP00056,R011,OP006,AUTO,2025-05-23 11:45:00,2025-05-23 23:02:14.658361,3,70,141,240686.72,69,Bengaluru To Thanjavur,Bengaluru,Thanjavur,531,Bengaluru → Thanjavur,-138,100.0,1706.998014184397,Very High
TRIP00057,R028,OP017,BUS,2025-04-25 21:00:00,2025-04-26 01:10:23.481650,45,48,131,111955.41,48,Bengaluru To Coimbatore,Bengaluru,Coimbatore,242,Bengaluru → Coimbatore,-86,100.0,854.6214503816794,Very High
TRIP00058,R022,OP018,BIKE,2026-07-18 10:15:00,2026-07-18 14:43:35.872675,1,50,50,40969.81,50,Bengaluru To Chennai,Bengaluru,Chennai,278,Bengaluru → Chennai,-49,100.0,819.3961999999999,Very High
TRIP00059,R017,OP001,BIKE,2026-05-16 08:30:00,2026-05-16 13:35:13.847169,1,55,55,36234.67,55,Coimbatore To Tirunelveli,Coimbatore,Tirunelveli,322,Coimbatore → Tirunelveli,-54,100.0,658.8121818181818,Very High
TRIP00060,R024,OP020,BIKE,2026-07-16 17:45:00,2026-07-17 04:31:38.033162,1,51,51,73686.38,51,Madurai To Thanjavur,Madurai,Thanjavur,544,Madurai → Thanjavur,-50,100.0,1444.830980392157,Very High
TRIP00061,R009,OP010,AUTO,2026-02-22 08:15:00,2026-02-22 13:02:09.472702,3,55,111,103874.02,55,Chennai To Vellore,Chennai,Vellore,292,Chennai → Vellore,-108,100.0,935.8019819819821,Very High
TRIP00062,R015,OP020,BUS,2025-06-09 11:00:00,2025-06-09 12:58:31.286605,50,40,119,49970.88,40,Tirunelveli To Coimbatore,Tirunelveli,Coimbatore,133,Tirunelveli → Coimbatore,-69,100.0,419.9233613445378,Very High
TRIP00063,R015,OP001,AUTO,2025-05-28 07:30:00,2025-05-28 10:06:19.805655,3,57,118,50479.13,57,Tirunelveli To Coimbatore,Tirunelveli,Coimbatore,133,Tirunelveli → Coimbatore,-115,100.0,427.78923728813555,Very High
TRIP00064,R030,OP018,CAB,2025-11-07 11:00:00,2025-11-07 12:37:41.422343,4,56,141,58867.3,56,Thanjavur To Pondicherry,Thanjavur,Pondicherry,112,Thanjavur → Pondicherry,-137,100.0,417.4985815602837,Very High
TRIP00065,R023,OP016,CAB,2025-01-17 05:30:00,2025-01-17 13:30:58.834020,6,59,136,126867.19,57,Erode To Bengaluru,Erode,Bengaluru,385,Erode → Bengaluru,-130,100.0,932.8469852941176,Very High
TRIP00066,R011,OP013,BUS,2025-03-15 07:30:00,2025-03-15 16:55:44.784553,50,52,155,261750.35,52,Bengaluru To Thanjavur,Bengaluru,Thanjavur,531,Bengaluru → Thanjavur,-105,100.0,1688.711935483871,Very High
TRIP00067,R007,OP014,BIKE,2026-01-02 17:00:00,2026-01-03 03:11:05.594182,1,56,56,115775.28,56,Madurai To Erode,Madurai,Erode,636,Madurai → Erode,-55,100.0,2067.4157142857143,Very High
TRIP00068,R010,OP002,AUTO,2025-12-18 17:30:00,2025-12-18 23:34:27.626718,3,50,107,86190.95,50,Hyderabad To Madurai,Hyderabad,Madurai,305,Hyderabad → Madurai,-104,100.0,805.5228971962616,Very High
TRIP00069,R012,OP019,BUS,2026-09-27 20:00:00,2026-09-28 01:58:11.519327,50,55,158,157074.86,55,Hyderabad To Pondicherry,Hyderabad,Pondicherry,370,Hyderabad → Pondicherry,-108,100.0,994.1446835443037,Very High
TRIP00070,R028,OP006,AUTO,2025-11-24 16:00:00,2025-11-24 20:42:31.212237,3,47,98,84022.81,47,Bengaluru To Coimbatore,Bengaluru,Coimbatore,242,Bengaluru → Coimbatore,-95,100.0,857.375612244898,Very High
TRIP00071,R016,OP015,BIKE,2026-01-28 22:00:00,2026-01-29 07:24:43.089682,1,45,45,64110.42,45,Pondicherry To Tirunelveli,Pondicherry,Tirunelveli,523,Pondicherry → Tirunelveli,-44,100.0,1424.676,Very High
TRIP00072,R019,OP004,AUTO,2026-12-03 20:00:00,2026-12-04 02:05:30.604240,3,64,128,129256.26,62,Thanjavur To Hyderabad,Thanjavur,Hyderabad,332,Thanjavur → Hyderabad,-125,100.0,1009.81453125,Very High
TRIP00073,R002,OP011,BUS,2025-03-30 20:30:00,2025-03-31 02:48:52.945942,40,58,173,181198.36,58,Thanjavur To Coimbatore,Thanjavur,Coimbatore,370,Thanjavur → Coimbatore,-133,100.0,1047.3893641618497,Very High
TRIP00074,R020,OP019,BIKE,2026-10-09 08:45:00,2026-10-09 16:29:37.133240,1,63,63,84732.47,62,Trichy To Thanjavur,Trichy,Thanjavur,422,Trichy → Thanjavur,-62,100.0,1344.9598412698413,Very High
TRIP00075,R005,OP012,AUTO,2025-09-05 20:00:00,2025-09-06 03:19:46.888434,3,66,133,150726.01,66,Bengaluru To Trichy,Bengaluru,Trichy,389,Bengaluru → Trichy,-130,100.0,1133.2782706766918,Very High
TRIP00076,R001,OP003,CAB,2025-08-10 18:00:00,2025-08-11 02:29:05.315570,6,52,133,148007.45,52,Pondicherry To Chennai,Pondicherry,Chennai,384,Pondicherry → Chennai,-127,100.0,1112.8379699248121,Very High
TRIP00077,R016,OP014,CAB,2026-11-23 05:45:00,2026-11-23 16:56:33.197668,5,55,134,188503.28,53,Pondicherry To Tirunelveli,Pondicherry,Tirunelveli,523,Pondicherry → Tirunelveli,-129,100.0,1406.740895522388,Very High
TRIP00078,R019,OP012,BUS,2025-10-09 17:00:00,2025-10-09 23:28:04.580046,50,67,201,203086.26,67,Thanjavur To Hyderabad,Thanjavur,Hyderabad,332,Thanjavur → Hyderabad,-151,100.0,1010.3794029850746,Very High
TRIP00079,R007,OP006,BUS,2025-06-28 19:30:00,2025-06-29 05:05:13.698738,45,51,159,326487.99,51,Madurai To Erode,Madurai,Erode,636,Madurai → Erode,-114,100.0,2053.3835849056604,Very High
TRIP00080,R007,OP014,CAB,2026-09-08 15:45:00,2026-09-09 05:04:17.909379,4,46,114,233408.31,46,Madurai To Erode,Madurai,Erode,636,Madurai → Erode,-110,100.0,2047.4413157894737,Very High
TRIP00081,R012,OP017,AUTO,2025-07-23 20:45:00,2025-07-24 03:58:22.386890,3,55,120,117719.39,55,Hyderabad To Pondicherry,Hyderabad,Pondicherry,370,Hyderabad → Pondicherry,-117,100.0,980.9949166666667,Very High
TRIP00082,R010,OP014,CAB,2026-11-01 10:45:00,2026-11-01 17:21:59.406263,4,52,136,112284.72,51,Hyderabad To Madurai,Hyderabad,Madurai,305,Hyderabad → Madurai,-132,100.0,825.6229411764706,Very High
TRIP00083,R027,OP014,BUS,2025-12-15 20:15:00,2025-12-16 05:46:52.610793,30,65,210,261763.76,62,Tirunelveli To Madurai,Tirunelveli,Madurai,599,Tirunelveli → Madurai,-180,100.0,1246.4940952380953,Very High
TRIP00084,R013,OP007,BUS,2025-06-18 09:15:00,2025-06-18 11:33:52.689090,50,56,186,80750.07,56,Hyderabad To Erode,Hyderabad,Erode,147,Hyderabad → Erode,-136,100.0,434.1401612903226,Very High
TRIP00085,R018,OP002,BIKE,2026-05-24 16:45:00,2026-05-25 02:35:35.686588,1,52,52,70606.02,52,Trichy To Erode,Trichy,Erode,448,Trichy → Erode,-51,100.0,1357.808076923077,Very High
TRIP00086,R022,OP002,BUS,2026-10-13 22:00:00,2026-10-14 03:00:43.611418,45,67,211,170848.36,66,Bengaluru To Chennai,Bengaluru,Chennai,278,Bengaluru → Chennai,-166,100.0,809.7078672985781,Very High
TRIP00087,R004,OP018,BUS,2026-03-23 22:45:00,2026-03-24 11:59:27.342887,45,49,155,216619.35,48,Bengaluru To Madurai,Bengaluru,Madurai,618,Bengaluru → Madurai,-110,100.0,1397.544193548387,Very High
TRIP00088,R009,OP019,CAB,2026-11-12 16:45:00,2026-11-12 22:03:21.206007,4,59,150,142184.4,59,Chennai To Vellore,Chennai,Vellore,292,Chennai → Vellore,-146,100.0,947.896,Very High
TRIP00089,R008,OP011,CAB,2025-05-04 05:15:00,2025-05-04 11:16:19.647574,6,55,122,106567.35,55,Bengaluru To Erode,Bengaluru,Erode,284,Bengaluru → Erode,-116,100.0,873.5028688524591,Very High
TRIP00090,R018,OP002,AUTO,2025-07-21 19:30:00,2025-07-22 03:06:06.107890,3,59,122,168419.51,59,Trichy To Erode,Trichy,Erode,448,Trichy → Erode,-119,100.0,1380.487786885246,Very High
TRIP00091,R025,OP013,BUS,2025-03-10 10:45:00,2025-03-10 17:37:08.451747,40,57,197,222596.71,57,Vellore To Bengaluru,Vellore,Bengaluru,329,Vellore → Bengaluru,-157,100.0,1129.932538071066,Very High
TRIP00092,R030,OP020,AUTO,2025-07-27 09:30:00,2025-07-27 11:49:02.580357,3,55,102,41910.36,55,Thanjavur To Pondicherry,Thanjavur,Pondicherry,112,Thanjavur → Pondicherry,-99,100.0,410.88588235294117,Very High
TRIP00093,R005,OP015,BUS,2025-01-12 16:00:00,2025-01-12 22:44:07.293003,30,46,138,155780.45,45,Bengaluru To Trichy,Bengaluru,Trichy,389,Bengaluru → Trichy,-108,100.0,1128.8438405797103,Very High
TRIP00094,R023,OP003,CAB,2026-06-22 13:00:00,2026-06-22 20:19:18.026167,5,64,171,158490.55,64,Erode To Bengaluru,Erode,Bengaluru,385,Erode → Bengaluru,-166,100.0,926.8453216374269,Very High
TRIP00095,R029,OP007,AUTO,2025-09-07 20:15:00,2025-09-07 23:43:46.984082,3,52,103,47519.99,52,Chennai To Coimbatore,Chennai,Coimbatore,173,Chennai → Coimbatore,-100,100.0,461.3591262135922,Very High
TRIP00096,R008,OP014,AUTO,2026-05-05 20:15:00,2026-05-06 02:13:55.011877,3,39,81,70036.72,39,Bengaluru To Erode,Bengaluru,Erode,284,Bengaluru → Erode,-78,100.0,864.6508641975308,Very High
TRIP00097,R008,OP014,CAB,2026-07-21 22:00:00,2026-07-22 03:50:14.202524,6,48,112,97742.0,48,Bengaluru To Erode,Bengaluru,Erode,284,Bengaluru → Erode,-106,100.0,872.6964285714286,Very High
TRIP00098,R030,OP009,BUS,2025-05-29 07:45:00,2025-05-29 09:41:11.603461,40,53,166,67704.21,52,Thanjavur To Pondicherry,Thanjavur,Pondicherry,112,Thanjavur → Pondicherry,-126,100.0,407.856686746988,Very High
TRIP00099,R028,OP018,BIKE,2025-09-10 18:30:00,2025-09-10 22:02:09.358261,1,49,49,41386.65,49,Bengaluru To Coimbatore,Bengaluru,Coimbatore,242,Bengaluru → Coimbatore,-48,100.0,844.6255102040817,Very High
TRIP00100,R016,OP004,BIKE,2026-02-21 06:45:00,2026-02-21 18:06:05.828884,1,60,60,85719.67,59,Pondicherry To Tirunelveli,Pondicherry,Tirunelveli,523,Pondicherry → Tirunelveli,-59,100.0,1428.6611666666665,Very High
TRIP00101,R027,OP001,BIKE,2026-02-09 05:15:00,2026-02-09 14:56:38.060520,1,50,50,61676.86,50,Tirunelveli To Madurai,Tirunelveli,Madurai,599,Tirunelveli → Madurai,-49,100.0,1233.5372,Very High
TRIP00102,R026,OP002,CAB,2026-02-05 19:15:00,2026-02-06 03:49:09.775397,5,49,133,234546.37,48,Vellore To Pondicherry,Vellore,Pondicherry,546,Vellore → Pondicherry,-128,100.0,1763.5065413533835,Very High
TRIP00103,R008,OP003,CAB,2026-09-22 21:45:00,2026-09-23 02:23:39.262132,4,58,153,131700.47,58,Bengaluru To Erode,Bengaluru,Erode,284,Bengaluru → Erode,-149,100.0,860.7873856209151,Very High
TRIP00104,R024,OP014,BUS,2026-09-06 21:30:00,2026-09-07 06:58:21.631680,50,46,136,194592.52,46,Madurai To Thanjavur,Madurai,Thanjavur,544,Madurai → Thanjavur,-86,100.0,1430.8273529411763,Very High
TRIP00105,R017,OP012,BUS,2026-09-07 05:45:00,2026-09-07 12:39:04.427950,40,50,172,112103.46,50,Coimbatore To Tirunelveli,Coimbatore,Tirunelveli,322,Coimbatore → Tirunelveli,-132,100.0,651.7643023255814,Very High
TRIP00106,R027,OP002,BIKE,2026-10-19 06:30:00,2026-10-19 18:02:01.343400,1,56,56,68389.86,56,Tirunelveli To Madurai,Tirunelveli,Madurai,599,Tirunelveli → Madurai,-55,100.0,1221.2475,Very High
TRIP00107,R030,OP014,BIKE,2026-04-21 15:30:00,2026-04-21 17:11:57.608121,1,67,67,27531.71,67,Thanjavur To Pondicherry,Thanjavur,Pondicherry,112,Thanjavur → Pondicherry,-66,100.0,410.9210447761194,Very High
TRIP00108,R028,OP009,CAB,2025-11-12 20:45:00,2025-11-13 01:10:40.761167,5,35,85,71905.72,35,Bengaluru To Coimbatore,Bengaluru,Coimbatore,242,Bengaluru → Coimbatore,-80,100.0,845.9496470588235,Very High
TRIP00109,R007,OP006,BUS,2025-12-12 07:45:00,2025-12-12 16:55:00.547893,45,37,108,227381.44,37,Madurai To Erode,Madurai,Erode,636,Madurai → Erode,-63,100.0,2105.3837037037038,Very High
TRIP00110,R005,OP013,CAB,2026-10-07 13:30:00,2026-10-07 19:19:02.506108,5,59,142,161705.81,59,Bengaluru To Trichy,Bengaluru,Trichy,389,Bengaluru → Trichy,-137,100.0,1138.773309859155,Very High
TRIP00111,R028,OP018,BIKE,2025-11-28 12:15:00,2025-11-28 16:45:19.588387,1,51,51,42502.18,51,Bengaluru To Coimbatore,Bengaluru,Coimbatore,242,Bengaluru → Coimbatore,-50,100.0,833.3760784313725,Very High
TRIP00112,R029,OP001,AUTO,2025-07-16 15:45:00,2025-07-16 19:04:45.438871,3,46,92,42183.05,46,Chennai To Coimbatore,Chennai,Coimbatore,173,Chennai → Coimbatore,-89,100.0,458.5114130434783,Very High
TRIP00113,R015,OP003,BIKE,2026-11-17 11:15:00,2026-11-17 13:17:39.800574,1,64,64,27256.28,63,Tirunelveli To Coimbatore,Tirunelveli,Coimbatore,133,Tirunelveli → Coimbatore,-63,100.0,425.879375,Very High
TRIP00114,R002,OP007,AUTO,2025-07-14 16:30:00,2025-07-14 23:53:00.665493,3,53,105,112478.14,53,Thanjavur To Coimbatore,Thanjavur,Coimbatore,370,Thanjavur → Coimbatore,-102,100.0,1071.220380952381,Very High
TRIP00115,R016,OP009,BIKE,2026-08-19 21:15:00,2026-08-20 08:09:42.066078,1,66,66,92864.08,66,Pondicherry To Tirunelveli,Pondicherry,Tirunelveli,523,Pondicherry → Tirunelveli,-65,100.0,1407.0315151515151,Very High
TRIP00116,R029,OP006,BIKE,2026-10-16 12:15:00,2026-10-16 15:08:08.088662,1,45,45,20668.57,45,Chennai To Coimbatore,Chennai,Coimbatore,173,Chennai → Coimbatore,-44,100.0,459.3015555555555,Very High
TRIP00117,R025,OP007,AUTO,2025-07-07 20:30:00,2025-07-08 02:55:59.570243,3,49,100,111809.32,49,Vellore To Bengaluru,Vellore,Bengaluru,329,Vellore → Bengaluru,-97,100.0,1118.0932,Very High
TRIP00118,R002,OP015,BUS,2025-10-05 19:30:00,2025-10-06 03:06:14.457832,45,47,124,131622.67,47,Thanjavur To Coimbatore,Thanjavur,Coimbatore,370,Thanjavur → Coimbatore,-79,100.0,1061.4731451612904,Very High
TRIP00119,R004,OP010,CAB,2025-05-08 17:45:00,2025-05-09 07:27:30.426984,5,52,133,192643.63,52,Bengaluru To Madurai,Bengaluru,Madurai,618,Bengaluru → Madurai,-128,100.0,1448.4483458646616,Very High
TRIP00120,R008,OP013,AUTO,2026-05-22 19:30:00,2026-05-23 00:24:55.328740,3,45,84,75059.05,45,Bengaluru To Erode,Bengaluru,Erode,284,Bengaluru → Erode,-81,100.0,893.5601190476191,Very High
TRIP00121,R001,OP001,AUTO,2025-07-23 13:00:00,2025-07-23 18:31:19.366028,3,68,140,154826.94,68,Pondicherry To Chennai,Pondicherry,Chennai,384,Pondicherry → Chennai,-137,100.0,1105.9067142857143,Very High
TRIP00122,R030,OP017,BIKE,2026-09-02 08:45:00,2026-09-02 10:45:09.100751,1,57,57,23686.26,57,Thanjavur To Pondicherry,Thanjavur,Pondicherry,112,Thanjavur → Pondicherry,-56,100.0,415.54842105263157,Very High
TRIP00123,R027,OP007,BUS,2025-05-03 09:15:00,2025-05-03 21:42:36.859700,30,63,201,250440.51,63,Tirunelveli To Madurai,Tirunelveli,Madurai,599,Tirunelveli → Madurai,-171,100.0,1245.9726865671641,Very High
TRIP00124,R006,OP006,BIKE,2025-03-13 13:00:00,2025-03-13 16:03:56.875728,1,62,62,40827.4,61,Trichy To Salem,Trichy,Salem,180,Trichy → Salem,-61,100.0,658.5064516129032,Very High
TRIP00125,R015,OP003,BUS,2025-05-11 08:45:00,2025-05-11 11:24:12.630731,30,58,163,68697.16,58,Tirunelveli To Coimbatore,Tirunelveli,Coimbatore,133,Tirunelveli → Coimbatore,-133,100.0,421.4549693251534,Very High
TRIP00126,R006,OP014,CAB,2025-04-25 15:30:00,2025-04-25 18:57:16.497440,4,65,153,98654.04000000001,65,Trichy To Salem,Trichy,Salem,180,Trichy → Salem,-149,100.0,644.7976470588236,Very High
TRIP00127,R004,OP003,CAB,2025-08-14 13:30:00,2025-08-14 22:51:39.287527,4,50,122,171647.57,49,Bengaluru To Madurai,Bengaluru,Madurai,618,Bengaluru → Madurai,-118,100.0,1406.9472950819672,Very High
TRIP00128,R026,OP007,AUTO,2026-07-21 15:15:00,2026-07-22 02:19:33.370500,3,58,101,182289.7,58,Vellore To Pondicherry,Vellore,Pondicherry,546,Vellore → Pondicherry,-98,100.0,1804.8485148514853,Very High
TRIP00129,R025,OP002,BUS,2025-07-28 22:00:00,2025-07-29 02:46:39.658349,45,50,160,180689.58,50,Vellore To Bengaluru,Vellore,Bengaluru,329,Vellore → Bengaluru,-115,100.0,1129.309875,Very High
TRIP00130,R024,OP020,AUTO,2026-05-13 08:00:00,2026-05-13 18:38:03.779578,3,66,131,186910.23,66,Madurai To Thanjavur,Madurai,Thanjavur,544,Madurai → Thanjavur,-128,100.0,1426.7956488549619,Very High
TRIP00131,R002,OP018,CAB,2025-08-15 12:45:00,2025-08-15 18:53:31.487659,4,56,138,146801.76,56,Thanjavur To Coimbatore,Thanjavur,Coimbatore,370,Thanjavur → Coimbatore,-134,100.0,1063.7808695652175,Very High
TRIP00132,R002,OP016,BIKE,2025-10-14 08:00:00,2025-10-14 15:15:33.394437,1,35,35,36973.65,35,Thanjavur To Coimbatore,Thanjavur,Coimbatore,370,Thanjavur → Coimbatore,-34,100.0,1056.39,Very High
TRIP00133,R021,OP019,BUS,2026-03-22 17:45:00,2026-03-22 19:56:07.336789,30,59,178,65159.25,57,Thanjavur To Trichy,Thanjavur,Trichy,110,Thanjavur → Trichy,-148,100.0,366.063202247191,Very High
TRIP00134,R013,OP003,AUTO,2026-02-23 19:45:00,2026-02-23 22:45:53.238823,3,57,110,46266.38,56,Hyderabad To Erode,Hyderabad,Erode,147,Hyderabad → Erode,-107,100.0,420.6034545454545,Very High
TRIP00135,R024,OP005,BIKE,2026-09-22 17:00:00,2026-09-23 02:17:38.840695,1,52,52,75638.45,52,Madurai To Thanjavur,Madurai,Thanjavur,544,Madurai → Thanjavur,-51,100.0,1454.5855769230768,Very High
TRIP00136,R001,OP020,BIKE,2025-07-30 20:45:00,2025-07-31 02:40:53.205675,1,55,55,61162.42,55,Pondicherry To Chennai,Pondicherry,Chennai,384,Pondicherry → Chennai,-54,100.0,1112.0439999999999,Very High
TRIP00137,R012,OP001,AUTO,2025-11-26 05:45:00,2025-11-26 12:09:49.330453,3,68,140,139561.12,68,Hyderabad To Pondicherry,Hyderabad,Pondicherry,370,Hyderabad → Pondicherry,-137,100.0,996.8651428571428,Very High
TRIP00138,R018,OP014,BUS,2026-03-29 11:30:00,2026-03-29 20:42:56.383619,50,59,182,246174.45,58,Trichy To Erode,Trichy,Erode,448,Trichy → Erode,-132,100.0,1352.6068681318682,Very High
TRIP00139,R025,OP018,BIKE,2025-06-22 17:15:00,2025-06-22 23:46:17.543081,1,59,59,65012.19,59,Vellore To Bengaluru,Vellore,Bengaluru,329,Vellore → Bengaluru,-58,100.0,1101.9015254237288,Very High
TRIP00140,R004,OP004,CAB,2026-02-19 13:15:00,2026-02-19 23:04:45.424671,5,66,151,212806.28,66,Bengaluru To Madurai,Bengaluru,Madurai,618,Bengaluru → Madurai,-146,100.0,1409.3131125827815,Very High
TRIP00141,R005,OP013,CAB,2026-09-07 20:00:00,2026-09-08 02:15:28.122379,6,46,128,145272.61,45,Bengaluru To Trichy,Bengaluru,Trichy,389,Bengaluru → Trichy,-122,100.0,1134.942265625,Very High
TRIP00142,R014,OP001,BUS,2026-12-16 07:45:00,2026-12-16 10:56:57.388620,50,52,162,101766.19,52,Coimbatore To Chennai,Coimbatore,Chennai,201,Coimbatore → Chennai,-112,100.0,628.1863580246913,Very High
TRIP00143,R001,OP020,AUTO,2026-08-09 16:30:00,2026-08-09 23:32:33.845469,3,49,99,108695.51,49,Pondicherry To Chennai,Pondicherry,Chennai,384,Pondicherry → Chennai,-96,100.0,1097.9344444444444,Very High
TRIP00144,R009,OP001,BIKE,2026-03-23 19:45:00,2026-03-24 01:55:53.966666,1,53,53,50138.79,52,Chennai To Vellore,Chennai,Vellore,292,Chennai → Vellore,-52,100.0,946.0149056603774,Very High
TRIP00145,R010,OP010,BIKE,2025-12-23 12:30:00,2025-12-23 18:07:51.442054,1,57,57,47295.71,57,Hyderabad To Madurai,Hyderabad,Madurai,305,Hyderabad → Madurai,-56,100.0,829.749298245614,Very High
TRIP00146,R014,OP016,CAB,2026-05-06 10:15:00,2026-05-06 14:13:54.838719,4,56,123,77104.03,56,Coimbatore To Chennai,Coimbatore,Chennai,201,Coimbatore → Chennai,-119,100.0,626.8620325203252,Very High
TRIP00147,R013,OP011,BUS,2026-01-26 16:00:00,2026-01-26 18:17:46.456571,40,48,137,57630.15,48,Hyderabad To Erode,Hyderabad,Erode,147,Hyderabad → Erode,-97,100.0,420.6580291970803,Very High
TRIP00148,R014,OP015,BIKE,2025-04-05 22:00:00,2025-04-06 01:55:16.331140,1,46,46,28428.49,46,Coimbatore To Chennai,Coimbatore,Chennai,201,Coimbatore → Chennai,-45,100.0,618.0106521739131,Very High
TRIP00149,R026,OP013,AUTO,2026-04-09 09:30:00,2026-04-09 20:44:53.727675,3,49,91,164947.37,49,Vellore To Pondicherry,Vellore,Pondicherry,546,Vellore → Pondicherry,-88,100.0,1812.6084615384616,Very High
TRIP00150,R017,OP018,CAB,2025-10-13 10:15:00,2025-10-13 16:04:46.081737,6,43,96,63468.32,43,Coimbatore To Tirunelveli,Coimbatore,Tirunelveli,322,Coimbatore → Tirunelveli,-90,100.0,661.1283333333333,Very High
TRIP00151,R014,OP005,CAB,2025-03-10 12:00:00,2025-03-10 15:19:15.663673,5,45,117,72367.48,44,Coimbatore To Chennai,Coimbatore,Chennai,201,Coimbatore → Chennai,-112,100.0,618.52547008547,Very High
TRIP00152,R005,OP003,CAB,2026-07-16 20:45:00,2026-07-17 02:31:25.759257,4,41,106,121273.43,41,Bengaluru To Trichy,Bengaluru,Trichy,389,Bengaluru → Trichy,-102,100.0,1144.088962264151,Very High
TRIP00153,R007,OP010,BIKE,2025-07-20 07:00:00,2025-07-20 16:53:16.512504,1,56,56,115358.68000000001,56,Madurai To Erode,Madurai,Erode,636,Madurai → Erode,-55,100.0,2059.9764285714286,Very High
TRIP00154,R014,OP009,BIKE,2025-07-03 22:00:00,2025-07-04 01:07:02.696513,1,53,53,32788.29,52,Coimbatore To Chennai,Coimbatore,Chennai,201,Coimbatore → Chennai,-52,100.0,618.6469811320754,Very High
TRIP00155,R009,OP005,BUS,2025-07-03 09:15:00,2025-07-03 14:57:34.870615,45,50,144,130683.49,50,Chennai To Vellore,Chennai,Vellore,292,Chennai → Vellore,-99,100.0,907.5242361111111,Very High
TRIP00156,R002,OP013,BUS,2025-06-25 13:00:00,2025-06-25 19:25:56.024577,50,61,176,183357.29,60,Thanjavur To Coimbatore,Thanjavur,Coimbatore,370,Thanjavur → Coimbatore,-126,100.0,1041.8027840909092,Very High
TRIP00157,R018,OP001,CAB,2025-05-19 10:00:00,2025-05-19 17:53:51.070193,4,54,148,199692.78,54,Trichy To Erode,Trichy,Erode,448,Trichy → Erode,-144,100.0,1349.2755405405405,Very High
TRIP00158,R014,OP008,AUTO,2026-09-16 16:30:00,2026-09-16 20:03:13.464151,3,48,89,55486.64,48,Coimbatore To Chennai,Coimbatore,Chennai,201,Coimbatore → Chennai,-86,100.0,623.445393258427,Very High
TRIP00159,R009,OP017,BUS,2025-06-29 08:15:00,2025-06-29 14:12:10.243467,30,58,193,184016.99,58,Chennai To Vellore,Chennai,Vellore,292,Chennai → Vellore,-163,100.0,953.4559067357512,Very High
TRIP00160,R001,OP001,AUTO,2026-01-22 09:00:00,2026-01-22 16:21:32.877481,3,54,110,126998.92,53,Pondicherry To Chennai,Pondicherry,Chennai,384,Pondicherry → Chennai,-107,100.0,1154.5356363636363,Very High
TRIP00161,R003,OP017,AUTO,2026-11-25 17:45:00,2026-11-26 01:44:19.375935,3,64,132,215001.25,64,Pondicherry To Erode,Pondicherry,Erode,537,Pondicherry → Erode,-129,100.0,1628.7973484848485,Very High
TRIP00162,R020,OP015,AUTO,2026-10-25 21:30:00,2026-10-26 04:01:35.344487,3,62,126,168169.68,62,Trichy To Thanjavur,Trichy,Thanjavur,422,Trichy → Thanjavur,-123,100.0,1334.6799999999998,Very High
TRIP00163,R005,OP009,AUTO,2025-09-15 21:45:00,2025-09-16 05:39:39.397721,3,52,95,110092.08,51,Bengaluru To Trichy,Bengaluru,Trichy,389,Bengaluru → Trichy,-92,100.0,1158.864,Very High
TRIP00164,R006,OP013,BIKE,2025-05-10 06:15:00,2025-05-10 10:05:35.680473,1,64,64,42294.52,64,Trichy To Salem,Trichy,Salem,180,Trichy → Salem,-63,100.0,660.851875,Very High
TRIP00165,R029,OP004,BIKE,2025-11-02 08:45:00,2025-11-02 11:55:14.054973,1,47,47,21428.74,47,Chennai To Coimbatore,Chennai,Coimbatore,173,Chennai → Coimbatore,-46,100.0,455.93063829787235,Very High
TRIP00166,R005,OP012,BUS,2026-01-18 05:30:00,2026-01-18 12:18:10.849588,40,52,158,181145.88,52,Bengaluru To Trichy,Bengaluru,Trichy,389,Bengaluru → Trichy,-118,100.0,1146.4929113924052,Very High
TRIP00167,R006,OP016,CAB,2026-03-22 09:45:00,2026-03-22 12:27:05.359237,6,41,108,71286.55,41,Trichy To Salem,Trichy,Salem,180,Trichy → Salem,-102,100.0,660.0606481481482,Very High
TRIP00168,R021,OP014,CAB,2025-11-06 17:15:00,2025-11-06 19:30:55.215464,5,50,121,43305.81,50,Thanjavur To Trichy,Thanjavur,Trichy,110,Thanjavur → Trichy,-116,100.0,357.8992561983471,Very High
TRIP00169,R023,OP011,AUTO,2025-09-16 20:45:00,2025-09-17 03:32:42.251321,3,66,126,119477.8,66,Erode To Bengaluru,Erode,Bengaluru,385,Erode → Bengaluru,-123,100.0,948.2365079365079,Very High
TRIP00170,R010,OP019,BUS,2026-01-16 11:45:00,2026-01-16 18:04:11.595004,40,63,183,152319.13,63,Hyderabad To Madurai,Hyderabad,Madurai,305,Hyderabad → Madurai,-143,100.0,832.3449726775957,Very High
TRIP00171,R017,OP015,BIKE,2025-05-30 08:30:00,2025-05-30 14:25:28.077197,1,47,47,30374.399999999998,47,Coimbatore To Tirunelveli,Coimbatore,Tirunelveli,322,Coimbatore → Tirunelveli,-46,100.0,646.263829787234,Very High
TRIP00172,R026,OP015,BIKE,2026-04-22 17:45:00,2026-04-23 05:22:43.062232,1,53,53,95014.98,53,Vellore To Pondicherry,Vellore,Pondicherry,546,Vellore → Pondicherry,-52,100.0,1792.735471698113,Very High
TRIP00173,R014,OP013,AUTO,2025-12-30 21:45:00,2025-12-31 02:07:05.952756,3,49,107,66170.21,49,Coimbatore To Chennai,Coimbatore,Chennai,201,Coimbatore → Chennai,-104,100.0,618.4131775700935,Very High
TRIP00174,R008,OP012,CAB,2025-03-11 16:30:00,2025-03-11 22:11:54.885689,4,51,139,121054.65,51,Bengaluru To Erode,Bengaluru,Erode,284,Bengaluru → Erode,-135,100.0,870.896762589928,Very High
TRIP00175,R003,OP014,CAB,2025-04-14 09:30:00,2025-04-14 21:02:56.720287,6,64,157,250464.98,64,Pondicherry To Erode,Pondicherry,Erode,537,Pondicherry → Erode,-151,100.0,1595.3183439490447,Very High
TRIP00176,R027,OP013,BIKE,2026-06-18 16:00:00,2026-06-19 02:39:23.985965,1,56,56,70374.98,55,Tirunelveli To Madurai,Tirunelveli,Madurai,599,Tirunelveli → Madurai,-55,100.0,1256.6960714285713,Very High
TRIP00177,R005,OP014,BIKE,2026-09-20 19:30:00,2026-09-21 01:55:30.164385,1,47,47,54047.74,47,Bengaluru To Trichy,Bengaluru,Trichy,389,Bengaluru → Trichy,-46,100.0,1149.951914893617,Very High
TRIP00178,R027,OP007,AUTO,2026-01-12 06:00:00,2026-01-12 14:55:42.701024,3,61,118,146789.62,61,Tirunelveli To Madurai,Tirunelveli,Madurai,599,Tirunelveli → Madurai,-115,100.0,1243.9798305084746,Very High
TRIP00179,R015,OP006,BUS,2026-03-20 21:00:00,2026-03-20 23:09:25.415627,40,50,168,72247.28,49,Tirunelveli To Coimbatore,Tirunelveli,Coimbatore,133,Tirunelveli → Coimbatore,-128,100.0,430.04333333333335,Very High
TRIP00180,R008,OP017,BIKE,2026-01-22 15:45:00,2026-01-22 20:14:15.169053,1,55,55,47377.909999999996,54,Bengaluru To Erode,Bengaluru,Erode,284,Bengaluru → Erode,-54,100.0,861.4165454545454,Very High
TRIP00181,R019,OP004,AUTO,2025-05-28 09:15:00,2025-05-28 16:15:52.621268,3,60,114,115373.17,59,Thanjavur To Hyderabad,Thanjavur,Hyderabad,332,Thanjavur → Hyderabad,-111,100.0,1012.045350877193,Very High
TRIP00182,R019,OP001,BIKE,2025-10-10 17:15:00,2025-10-11 00:27:35.924176,1,52,52,53562.86,52,Thanjavur To Hyderabad,Thanjavur,Hyderabad,332,Thanjavur → Hyderabad,-51,100.0,1030.055,Very High
TRIP00183,R002,OP008,CAB,2025-01-13 09:15:00,2025-01-13 15:55:17.570949,5,44,117,120713.45999999999,44,Thanjavur To Coimbatore,Thanjavur,Coimbatore,370,Thanjavur → Coimbatore,-112,100.0,1031.7389743589742,Very High
TRIP00184,R004,OP004,CAB,2025-06-05 18:30:00,2025-06-06 03:21:31.901318,4,56,156,223245.26,56,Bengaluru To Madurai,Bengaluru,Madurai,618,Bengaluru → Madurai,-152,100.0,1431.059358974359,Very High
TRIP00185,R010,OP007,AUTO,2025-03-09 10:00:00,2025-03-09 15:54:23.537407,3,67,132,108863.87,65,Hyderabad To Madurai,Hyderabad,Madurai,305,Hyderabad → Madurai,-129,100.0,824.7262878787878,Very High
TRIP00186,R011,OP004,CAB,2025-03-09 12:45:00,2025-03-09 20:34:22.145749,6,61,156,264687.25,61,Bengaluru To Thanjavur,Bengaluru,Thanjavur,531,Bengaluru → Thanjavur,-150,100.0,1696.713141025641,Very High
TRIP00187,R008,OP018,BIKE,2026-05-21 08:00:00,2026-05-21 12:36:00.993020,1,58,58,49890.45,57,Bengaluru To Erode,Bengaluru,Erode,284,Bengaluru → Erode,-57,100.0,860.180172413793,Very High
TRIP00188,R019,OP011,BIKE,2026-09-24 16:45:00,2026-09-24 21:34:08.966783,1,41,41,40086.54,41,Thanjavur To Hyderabad,Thanjavur,Hyderabad,332,Thanjavur → Hyderabad,-40,100.0,977.7204878048781,Very High
TRIP00189,R021,OP015,BIKE,2026-08-14 22:30:00,2026-08-15 00:18:34.431522,1,54,54,19565.48,54,Thanjavur To Trichy,Thanjavur,Trichy,110,Thanjavur → Trichy,-53,100.0,362.3237037037037,Very High
TRIP00190,R004,OP003,CAB,2026-06-24 09:30:00,2026-06-24 18:59:06.411237,4,56,123,175205.77,55,Bengaluru To Madurai,Bengaluru,Madurai,618,Bengaluru → Madurai,-119,100.0,1424.4371544715445,Very High
TRIP00191,R001,OP001,BIKE,2025-01-23 18:45:00,2025-01-24 02:09:44.830628,1,60,60,67227.99,60,Pondicherry To Chennai,Pondicherry,Chennai,384,Pondicherry → Chennai,-59,100.0,1120.4665,Very High
TRIP00192,R001,OP016,BIKE,2026-05-26 17:00:00,2026-05-26 22:34:52.289853,1,49,49,55082.08,48,Pondicherry To Chennai,Pondicherry,Chennai,384,Pondicherry → Chennai,-48,100.0,1124.124081632653,Very High
TRIP00193,R009,OP020,CAB,2025-09-21 08:15:00,2025-09-21 13:12:34.670299,4,66,166,160580.09,66,Chennai To Vellore,Chennai,Vellore,292,Chennai → Vellore,-162,100.0,967.3499397590361,Very High
TRIP00194,R011,OP006,BIKE,2026-04-21 09:00:00,2026-04-21 17:30:17.666200,1,62,62,105596.24,61,Bengaluru To Thanjavur,Bengaluru,Thanjavur,531,Bengaluru → Thanjavur,-61,100.0,1703.1651612903227,Very High
TRIP00195,R024,OP017,BIKE,2026-02-27 17:45:00,2026-02-28 02:56:41.030186,1,54,54,77523.13,54,Madurai To Thanjavur,Madurai,Thanjavur,544,Madurai → Thanjavur,-53,100.0,1435.6135185185185,Very High
TRIP00196,R018,OP013,BUS,2025-03-25 12:15:00,2025-03-25 19:38:44.206342,45,51,158,208522.94,51,Trichy To Erode,Trichy,Erode,448,Trichy → Erode,-113,100.0,1319.7654430379746,Very High
TRIP00197,R025,OP018,CAB,2025-02-28 18:45:00,2025-02-28 23:46:56.595748,5,63,158,177179.84,63,Vellore To Bengaluru,Vellore,Bengaluru,329,Vellore → Bengaluru,-153,100.0,1121.3913924050632,Very High
TRIP00198,R026,OP006,BUS,2026-04-30 05:30:00,2026-04-30 13:28:40.109475,45,57,168,305274.26,57,Vellore To Pondicherry,Vellore,Pondicherry,546,Vellore → Pondicherry,-123,100.0,1817.1086904761905,Very High
TRIP00199,R017,OP013,AUTO,2025-08-30 20:45:00,2025-08-31 01:28:18.092342,3,50,102,66384.91,49,Coimbatore To Tirunelveli,Coimbatore,Tirunelveli,322,Coimbatore → Tirunelveli,-99,100.0,650.8324509803922,Very High
TRIP00200,R027,OP017,CAB,2026-08-26 11:45:00,2026-08-26 22:29:37.988489,5,55,139,173926.76,55,Tirunelveli To Madurai,Tirunelveli,Madurai,599,Tirunelveli → Madurai,-134,100.0,1251.271654676259,Very High
TRIP00201,R009,OP013,BIKE,2025-09-07 10:30:00,2025-09-07 16:27:41.908783,1,61,61,58099.06,60,Chennai To Vellore,Chennai,Vellore,292,Chennai → Vellore,-60,100.0,952.443606557377,Very High
TRIP00202,R001,OP002,BUS,2026-08-31 17:00:00,2026-09-01 01:04:53.054444,30,59,178,199211.04,59,Pondicherry To Chennai,Pondicherry,Chennai,384,Pondicherry → Chennai,-148,100.0,1119.1631460674157,Very High
TRIP00203,R018,OP006,BUS,2025-06-03 22:45:00,2025-06-04 06:33:58.635612,40,50,146,198176.59,49,Trichy To Erode,Trichy,Erode,448,Trichy → Erode,-106,100.0,1357.373904109589,Very High
TRIP00204,R015,OP012,CAB,2025-02-22 05:45:00,2025-02-22 08:26:24.597899,5,61,149,63887.79,61,Tirunelveli To Coimbatore,Tirunelveli,Coimbatore,133,Tirunelveli → Coimbatore,-144,100.0,428.7771140939597,Very High
TRIP00205,R027,OP012,BIKE,2026-01-11 16:00:00,2026-01-12 05:01:07.312467,1,54,54,67261.42,54,Tirunelveli To Madurai,Tirunelveli,Madurai,599,Tirunelveli → Madurai,-53,100.0,1245.5818518518518,Very High
TRIP00206,R015,OP019,BUS,2025-12-05 08:00:00,2025-12-05 09:54:09.012479,30,55,157,67341.95,55,Tirunelveli To Coimbatore,Tirunelveli,Coimbatore,133,Tirunelveli → Coimbatore,-127,100.0,428.9296178343949,Very High
TRIP00207,R022,OP001,AUTO,2026-09-22 05:15:00,2026-09-22 09:32:39.100269,3,48,105,86128.48,48,Bengaluru To Chennai,Bengaluru,Chennai,278,Bengaluru → Chennai,-102,100.0,820.271238095238,Very High
TRIP00208,R015,OP015,BUS,2026-05-18 08:30:00,2026-05-18 10:43:22.105293,45,45,132,56358.98,44,Tirunelveli To Coimbatore,Tirunelveli,Coimbatore,133,Tirunelveli → Coimbatore,-87,100.0,426.96196969696973,Very High
TRIP00209,R022,OP008,BIKE,2025-05-22 07:45:00,2025-05-22 12:22:17.244136,1,43,43,34809.89,43,Bengaluru To Chennai,Bengaluru,Chennai,278,Bengaluru → Chennai,-42,100.0,809.5323255813953,Very High
TRIP00210,R012,OP011,CAB,2025-06-11 21:00:00,2025-06-12 03:26:41.376002,6,64,152,153052.51,64,Hyderabad To Pondicherry,Hyderabad,Pondicherry,370,Hyderabad → Pondicherry,-146,100.0,1006.9244078947369,Very High
TRIP00211,R011,OP006,CAB,2025-10-18 06:45:00,2025-10-18 14:45:30.878544,6,45,120,207157.11000000002,45,Bengaluru To Thanjavur,Bengaluru,Thanjavur,531,Bengaluru → Thanjavur,-114,100.0,1726.30925,Very High
TRIP00212,R004,OP013,BIKE,2026-04-30 19:30:00,2026-05-01 04:29:00.680985,1,55,55,77854.47,55,Bengaluru To Madurai,Bengaluru,Madurai,618,Bengaluru → Madurai,-54,100.0,1415.5358181818183,Very High
TRIP00213,R028,OP001,CAB,2025-10-28 17:45:00,2025-10-28 21:27:47.263635,5,49,113,96208.31999999999,49,Bengaluru To Coimbatore,Bengaluru,Coimbatore,242,Bengaluru → Coimbatore,-108,100.0,851.4010619469026,Very High
TRIP00214,R025,OP015,CAB,2026-11-14 15:15:00,2026-11-14 21:41:55.776262,6,40,97,108958.2,40,Vellore To Bengaluru,Vellore,Bengaluru,329,Vellore → Bengaluru,-91,100.0,1123.280412371134,Very High
TRIP00215,R023,OP016,BUS,2025-06-08 06:00:00,2025-06-08 14:17:06.527019,40,61,201,185289.79,61,Erode To Bengaluru,Erode,Bengaluru,385,Erode → Bengaluru,-161,100.0,921.8397512437812,Very High
TRIP00216,R017,OP006,BUS,2025-04-21 19:15:00,2025-04-22 01:51:26.673167,45,56,187,120247.75,56,Coimbatore To Tirunelveli,Coimbatore,Tirunelveli,322,Coimbatore → Tirunelveli,-142,100.0,643.0360962566845,Very High
TRIP00217,R016,OP012,AUTO,2025-12-07 15:15:00,2025-12-07 23:33:21.846094,3,55,113,160952.05,55,Pondicherry To Tirunelveli,Pondicherry,Tirunelveli,523,Pondicherry → Tirunelveli,-110,100.0,1424.3544247787609,Very High
TRIP00218,R002,OP011,CAB,2026-02-24 08:30:00,2026-02-24 13:54:23.467324,5,60,150,159214.64,60,Thanjavur To Coimbatore,Thanjavur,Coimbatore,370,Thanjavur → Coimbatore,-145,100.0,1061.4309333333333,Very High
TRIP00219,R007,OP013,CAB,2026-11-03 06:30:00,2026-11-03 19:30:09.379468,5,47,129,263063.62,47,Madurai To Erode,Madurai,Erode,636,Madurai → Erode,-124,100.0,2039.2528682170541,Very High
TRIP00220,R013,OP007,BIKE,2025-03-09 06:00:00,2025-03-09 08:13:34.777505,1,54,54,22543.52,53,Hyderabad To Erode,Hyderabad,Erode,147,Hyderabad → Erode,-53,100.0,417.4725925925926,Very High
TRIP00221,R021,OP008,AUTO,2026-02-03 10:45:00,2026-02-03 12:41:37.999726,3,52,103,36602.9,52,Thanjavur To Trichy,Thanjavur,Trichy,110,Thanjavur → Trichy,-100,100.0,355.36796116504854,Very High
TRIP00222,R009,OP010,BIKE,2026-12-28 15:45:00,2026-12-28 21:47:33.804754,1,46,46,43079.42,46,Chennai To Vellore,Chennai,Vellore,292,Chennai → Vellore,-45,100.0,936.5091304347826,Very High
TRIP00223,R028,OP007,CAB,2026-12-26 18:30:00,2026-12-26 22:00:34.944628,4,51,118,102379.99,50,Bengaluru To Coimbatore,Bengaluru,Coimbatore,242,Bengaluru → Coimbatore,-114,100.0,867.6270338983052,Very High
TRIP00224,R027,OP013,BIKE,2025-06-18 13:45:00,2025-06-19 02:24:20.561927,1,62,62,77501.85,61,Tirunelveli To Madurai,Tirunelveli,Madurai,599,Tirunelveli → Madurai,-61,100.0,1250.0298387096775,Very High
TRIP00225,R030,OP012,AUTO,2025-06-01 06:15:00,2025-06-01 08:26:45.791753,3,53,111,45803.49,53,Thanjavur To Pondicherry,Thanjavur,Pondicherry,112,Thanjavur → Pondicherry,-108,100.0,412.64405405405404,Very High
TRIP00226,R027,OP018,BUS,2025-10-12 11:15:00,2025-10-12 22:03:11.365344,45,58,174,216727.88999999998,58,Tirunelveli To Madurai,Tirunelveli,Madurai,599,Tirunelveli → Madurai,-129,100.0,1245.5625862068964,Very High
TRIP00227,R022,OP011,BUS,2026-12-30 15:30:00,2026-12-30 20:42:11.226861,50,42,131,106234.8,42,Bengaluru To Chennai,Bengaluru,Chennai,278,Bengaluru → Chennai,-81,100.0,810.9526717557252,Very High
TRIP00228,R010,OP020,BIKE,2026-05-29 11:15:00,2026-05-29 17:30:48.448643,1,53,53,43164.82,53,Hyderabad To Madurai,Hyderabad,Madurai,305,Hyderabad → Madurai,-52,100.0,814.4305660377358,Very High
TRIP00229,R008,OP007,BUS,2026-06-28 17:15:00,2026-06-28 22:19:58.496957,50,59,186,163499.87,58,Bengaluru To Erode,Bengaluru,Erode,284,Bengaluru → Erode,-136,100.0,879.0315591397849,Very High
TRIP00230,R010,OP018,AUTO,2026-08-29 22:30:00,2026-08-30 03:42:58.923161,3,53,97,78748.76,53,Hyderabad To Madurai,Hyderabad,Madurai,305,Hyderabad → Madurai,-94,100.0,811.8428865979381,Very High
TRIP00231,R009,OP002,BUS,2025-02-15 14:30:00,2025-02-15 20:55:29.795548,50,65,189,178297.28,65,Chennai To Vellore,Chennai,Vellore,292,Chennai → Vellore,-139,100.0,943.3718518518518,Very High
TRIP00232,R012,OP008,CAB,2026-03-04 19:15:00,2026-03-05 00:41:06.011226,5,50,118,114807.95,49,Hyderabad To Pondicherry,Hyderabad,Pondicherry,370,Hyderabad → Pondicherry,-113,100.0,972.9487288135593,Very High
TRIP00233,R022,OP006,BIKE,2025-09-29 14:00:00,2025-09-29 18:14:58.446578,1,52,52,42342.83,52,Bengaluru To Chennai,Bengaluru,Chennai,278,Bengaluru → Chennai,-51,100.0,814.2851923076923,Very High
TRIP00234,R028,OP011,BUS,2026-02-09 13:00:00,2026-02-09 17:09:11.456560,40,68,226,195614.38999999998,67,Bengaluru To Coimbatore,Bengaluru,Coimbatore,242,Bengaluru → Coimbatore,-186,100.0,865.5503982300884,Very High
TRIP00235,R007,OP010,BUS,2026-04-06 12:45:00,2026-04-07 02:51:56.467733,30,47,122,252650.2,47,Madurai To Erode,Madurai,Erode,636,Madurai → Erode,-92,100.0,2070.9032786885246,Very High
TRIP00236,R010,OP004,BIKE,2025-10-08 22:45:00,2025-10-09 05:28:00.449530,1,45,45,37647.4,45,Hyderabad To Madurai,Hyderabad,Madurai,305,Hyderabad → Madurai,-44,100.0,836.6088888888889,Very High
TRIP00237,R019,OP001,CAB,2026-09-07 06:45:00,2026-09-07 11:30:42.436758,6,48,114,113384.42,48,Thanjavur To Hyderabad,Thanjavur,Hyderabad,332,Thanjavur → Hyderabad,-108,100.0,994.6001754385965,Very High
TRIP00238,R014,OP008,CAB,2026-11-09 22:30:00,2026-11-10 01:37:00.018899,5,57,142,86974.85,56,Coimbatore To Chennai,Coimbatore,Chennai,201,Coimbatore → Chennai,-137,100.0,612.4989436619719,Very High
TRIP00239,R021,OP012,CAB,2026-07-29 15:15:00,2026-07-29 17:07:34.615241,4,61,152,54631.48,60,Thanjavur To Trichy,Thanjavur,Trichy,110,Thanjavur → Trichy,-148,100.0,359.4176315789474,Very High
TRIP00240,R021,OP005,CAB,2026-12-03 18:00:00,2026-12-03 20:04:00.899704,5,40,102,36474.54,40,Thanjavur To Trichy,Thanjavur,Trichy,110,Thanjavur → Trichy,-97,100.0,357.59352941176473,Very High
TRIP00241,R020,OP011,BIKE,2025-01-22 08:15:00,2025-01-22 14:25:50.522129,1,56,56,75215.81,56,Trichy To Thanjavur,Trichy,Thanjavur,422,Trichy → Thanjavur,-55,100.0,1343.1394642857142,Very High
TRIP00242,R014,OP006,AUTO,2025-06-23 14:30:00,2025-06-23 18:07:43.873508,3,52,102,63269.2,52,Coimbatore To Chennai,Coimbatore,Chennai,201,Coimbatore → Chennai,-99,100.0,620.2862745098039,Very High
TRIP00243,R029,OP004,BIKE,2025-07-28 10:30:00,2025-07-28 14:08:48.132069,1,56,56,25406.09,55,Chennai To Coimbatore,Chennai,Coimbatore,173,Chennai → Coimbatore,-55,100.0,453.6801785714286,Very High
TRIP00244,R026,OP020,CAB,2025-11-13 22:00:00,2025-11-14 09:38:25.404540,4,62,148,264025.04,62,Vellore To Pondicherry,Vellore,Pondicherry,546,Vellore → Pondicherry,-144,100.0,1783.952972972973,Very High
TRIP00245,R023,OP009,BIKE,2025-01-04 12:00:00,2025-01-04 17:58:19.497914,1,73,73,67564.61,73,Erode To Bengaluru,Erode,Bengaluru,385,Erode → Bengaluru,-72,100.0,925.542602739726,Very High
TRIP00246,R005,OP002,AUTO,2025-07-03 08:45:00,2025-07-03 16:01:45.949961,3,44,94,106927.01,44,Bengaluru To Trichy,Bengaluru,Trichy,389,Bengaluru → Trichy,-91,100.0,1137.5213829787233,Very High
TRIP00247,R027,OP005,BIKE,2026-06-08 08:45:00,2026-06-08 18:27:29.779856,1,49,49,60366.29,47,Tirunelveli To Madurai,Tirunelveli,Madurai,599,Tirunelveli → Madurai,-48,100.0,1231.9651020408164,Very High
TRIP00248,R015,OP007,AUTO,2025-03-27 16:00:00,2025-03-27 18:28:14.502492,3,68,135,58406.48,68,Tirunelveli To Coimbatore,Tirunelveli,Coimbatore,133,Tirunelveli → Coimbatore,-132,100.0,432.6405925925926,Very High
TRIP00249,R030,OP018,BUS,2025-07-13 22:30:00,2025-07-14 00:16:26.529382,30,54,147,60632.21,54,Thanjavur To Pondicherry,Thanjavur,Pondicherry,112,Thanjavur → Pondicherry,-117,100.0,412.4640136054422,Very High
TRIP00250,R027,OP014,CAB,2025-06-16 09:30:00,2025-06-16 21:43:20.534364,5,56,141,173484.07,55,Tirunelveli To Madurai,Tirunelveli,Madurai,599,Tirunelveli → Madurai,-136,100.0,1230.383475177305,Very High
TRIP00251,R008,OP007,AUTO,2026-10-09 16:00:00,2026-10-09 21:18:28.666174,3,48,95,79834.01,48,Bengaluru To Erode,Bengaluru,Erode,284,Bengaluru → Erode,-92,100.0,840.358,Very High
TRIP00252,R029,OP008,CAB,2026-03-19 08:45:00,2026-03-19 12:11:19.494840,6,59,167,75629.72,59,Chennai To Coimbatore,Chennai,Coimbatore,173,Chennai → Coimbatore,-161,100.0,452.87257485029943,Very High
TRIP00253,R015,OP016,CAB,2026-10-15 20:00:00,2026-10-15 21:54:58.794320,6,63,138,57892.75,63,Tirunelveli To Coimbatore,Tirunelveli,Coimbatore,133,Tirunelveli → Coimbatore,-132,100.0,419.5126811594203,Very High
TRIP00254,R010,OP004,BIKE,2026-05-22 22:45:00,2026-05-23 04:19:39.774114,1,59,59,48623.1,58,Hyderabad To Madurai,Hyderabad,Madurai,305,Hyderabad → Madurai,-58,100.0,824.1203389830508,Very High
TRIP00255,R011,OP018,BUS,2025-07-23 06:00:00,2025-07-23 15:25:40.112887,45,59,188,318129.3,58,Bengaluru To Thanjavur,Bengaluru,Thanjavur,531,Bengaluru → Thanjavur,-143,100.0,1692.1771276595744,Very High
TRIP00256,R001,OP015,BUS,2025-01-18 16:30:00,2025-01-18 23:25:58.320625,45,48,148,168196.83,48,Pondicherry To Chennai,Pondicherry,Chennai,384,Pondicherry → Chennai,-103,100.0,1136.4650675675675,Very High
TRIP00257,R006,OP017,BUS,2026-04-20 07:15:00,2026-04-20 09:58:26.954399,40,53,156,101858.35,52,Trichy To Salem,Trichy,Salem,180,Trichy → Salem,-116,100.0,652.938141025641,Very High
TRIP00258,R004,OP019,BUS,2026-04-30 20:30:00,2026-05-01 09:22:35.962414,45,44,120,168308.81,44,Bengaluru To Madurai,Bengaluru,Madurai,618,Bengaluru → Madurai,-75,100.0,1402.5734166666666,Very High
TRIP00259,R026,OP014,BUS,2025-09-09 14:45:00,2025-09-10 01:10:57.118890,30,53,164,296065.33,51,Vellore To Pondicherry,Vellore,Pondicherry,546,Vellore → Pondicherry,-134,100.0,1805.2764024390244,Very High
TRIP00260,R008,OP013,CAB,2025-11-04 09:30:00,2025-11-04 13:50:34.860247,5,63,169,144189.86,62,Bengaluru To Erode,Bengaluru,Erode,284,Bengaluru → Erode,-164,100.0,853.1944378698224,Very High
TRIP00261,R003,OP010,BIKE,2025-12-15 18:00:00,2025-12-16 01:44:24.645032,1,38,38,61187.61,38,Pondicherry To Erode,Pondicherry,Erode,537,Pondicherry → Erode,-37,100.0,1610.2002631578948,Very High
TRIP00262,R002,OP007,AUTO,2025-03-18 20:30:00,2025-03-19 02:19:47.711341,3,48,93,97922.91,48,Thanjavur To Coimbatore,Thanjavur,Coimbatore,370,Thanjavur → Coimbatore,-90,100.0,1052.9345161290323,Very High
TRIP00263,R010,OP002,BUS,2025-01-24 05:30:00,2025-01-24 11:14:01.485452,40,58,174,142506.72,58,Hyderabad To Madurai,Hyderabad,Madurai,305,Hyderabad → Madurai,-134,100.0,819.0041379310345,Very High
TRIP00264,R030,OP013,BIKE,2026-06-22 08:30:00,2026-06-22 10:50:29.088337,1,51,51,20563.6,50,Thanjavur To Pondicherry,Thanjavur,Pondicherry,112,Thanjavur → Pondicherry,-50,100.0,403.2078431372549,Very High
TRIP00265,R017,OP010,CAB,2025-12-08 15:00:00,2025-12-08 21:29:47.247369,6,57,140,91455.19,57,Coimbatore To Tirunelveli,Coimbatore,Tirunelveli,322,Coimbatore → Tirunelveli,-134,100.0,653.2513571428572,Very High
TRIP00266,R015,OP014,BUS,2025-03-22 12:00:00,2025-03-22 14:33:43.145966,45,51,133,57108.89,51,Tirunelveli To Coimbatore,Tirunelveli,Coimbatore,133,Tirunelveli → Coimbatore,-88,100.0,429.39015037593987,Very High
TRIP00267,R010,OP013,BUS,2026-07-20 14:00:00,2026-07-20 18:31:34.876038,45,52,159,130305.58,51,Hyderabad To Madurai,Hyderabad,Madurai,305,Hyderabad → Madurai,-114,100.0,819.5319496855346,Very High
TRIP00268,R004,OP010,BUS,2026-03-07 07:30:00,2026-03-07 19:26:51.081348,40,51,149,211386.06,51,Bengaluru To Madurai,Bengaluru,Madurai,618,Bengaluru → Madurai,-109,100.0,1418.698389261745,Very High
TRIP00269,R005,OP009,AUTO,2025-03-12 08:00:00,2025-03-12 16:09:36.524546,3,65,135,157248.83,64,Bengaluru To Trichy,Bengaluru,Trichy,389,Bengaluru → Trichy,-132,100.0,1164.806148148148,Very High
TRIP00270,R014,OP009,BUS,2025-02-13 20:30:00,2025-02-14 00:08:40.647505,45,59,186,115801.02,58,Coimbatore To Chennai,Coimbatore,Chennai,201,Coimbatore → Chennai,-141,100.0,622.5861290322581,Very High
TRIP00271,R016,OP007,CAB,2025-06-12 22:15:00,2025-06-13 09:21:56.814407,4,56,144,206477.57,56,Pondicherry To Tirunelveli,Pondicherry,Tirunelveli,523,Pondicherry → Tirunelveli,-140,100.0,1433.872013888889,Very High
TRIP00272,R024,OP011,CAB,2026-10-27 08:00:00,2026-10-27 17:35:04.452792,4,61,147,212402.82,61,Madurai To Thanjavur,Madurai,Thanjavur,544,Madurai → Thanjavur,-143,100.0,1444.9171428571428,Very High
TRIP00273,R014,OP006,BUS,2026-11-30 21:15:00,2026-12-01 00:07:55.506858,45,47,134,83716.91,47,Coimbatore To Chennai,Coimbatore,Chennai,201,Coimbatore → Chennai,-89,100.0,624.7530597014926,Very High
TRIP00274,R015,OP008,BUS,2026-08-14 11:45:00,2026-08-14 14:00:58.244832,50,47,137,59017.73,47,Tirunelveli To Coimbatore,Tirunelveli,Coimbatore,133,Tirunelveli → Coimbatore,-87,100.0,430.78635036496354,Very High
TRIP00275,R026,OP020,BIKE,2025-08-05 17:15:00,2025-08-06 01:34:11.710454,1,55,55,98854.79,55,Vellore To Pondicherry,Vellore,Pondicherry,546,Vellore → Pondicherry,-54,100.0,1797.3598181818181,Very High
TRIP00276,R010,OP003,AUTO,2025-12-19 09:45:00,2025-12-19 14:08:54.322263,3,49,92,75485.79,49,Hyderabad To Madurai,Hyderabad,Madurai,305,Hyderabad → Madurai,-89,100.0,820.4977173913043,Very High
TRIP00277,R008,OP011,BUS,2026-08-16 14:30:00,2026-08-16 20:02:38.705581,50,43,135,115489.28,43,Bengaluru To Erode,Bengaluru,Erode,284,Bengaluru → Erode,-85,100.0,855.4761481481481,Very High
TRIP00278,R003,OP018,AUTO,2025-09-19 20:00:00,2025-09-20 03:43:57.698507,3,48,96,153248.11,47,Pondicherry To Erode,Pondicherry,Erode,537,Pondicherry → Erode,-93,100.0,1596.3344791666666,Very High
TRIP00279,R026,OP005,CAB,2026-08-28 11:30:00,2026-08-28 20:15:59.427300,6,66,164,297438.91,66,Vellore To Pondicherry,Vellore,Pondicherry,546,Vellore → Pondicherry,-158,100.0,1813.6518902439022,Very High
TRIP00280,R008,OP001,BUS,2026-08-18 08:15:00,2026-08-18 14:07:42.788260,40,54,155,132610.12,54,Bengaluru To Erode,Bengaluru,Erode,284,Bengaluru → Erode,-115,100.0,855.5491612903226,Very High
TRIP00281,R004,OP011,CAB,2025-09-13 06:00:00,2025-09-13 15:57:05.103805,4,54,127,180724.6,54,Bengaluru To Madurai,Bengaluru,Madurai,618,Bengaluru → Madurai,-123,100.0,1423.028346456693,Very High
TRIP00282,R013,OP020,BUS,2025-10-11 08:00:00,2025-10-11 10:23:53.470289,30,49,146,62719.41,48,Hyderabad To Erode,Hyderabad,Erode,147,Hyderabad → Erode,-116,100.0,429.58500000000004,Very High
TRIP00283,R026,OP016,CAB,2026-02-28 08:30:00,2026-02-28 19:23:07.902750,4,53,118,214104.6,53,Vellore To Pondicherry,Vellore,Pondicherry,546,Vellore → Pondicherry,-114,100.0,1814.4457627118645,Very High
TRIP00284,R030,OP004,AUTO,2026-10-26 08:30:00,2026-10-26 10:36:29.248445,3,46,90,36727.59,46,Thanjavur To Pondicherry,Thanjavur,Pondicherry,112,Thanjavur → Pondicherry,-87,100.0,408.0843333333333,Very High
TRIP00285,R026,OP014,CAB,2026-01-23 21:30:00,2026-01-24 07:14:06.620048,6,52,141,256243.82,52,Vellore To Pondicherry,Vellore,Pondicherry,546,Vellore → Pondicherry,-135,100.0,1817.3320567375888,Very High
TRIP00286,R028,OP020,CAB,2025-05-30 11:45:00,2025-05-30 16:14:44.447794,5,50,134,116610.51,49,Bengaluru To Coimbatore,Bengaluru,Coimbatore,242,Bengaluru → Coimbatore,-129,100.0,870.2276865671641,Very High
TRIP00287,R013,OP003,BUS,2026-05-16 13:45:00,2026-05-16 16:55:48.762677,50,50,144,63285.16,49,Hyderabad To Erode,Hyderabad,Erode,147,Hyderabad → Erode,-94,100.0,439.4802777777778,Very High
TRIP00288,R017,OP015,BUS,2026-04-20 10:00:00,2026-04-20 14:59:22.394113,50,64,186,119988.91,63,Coimbatore To Tirunelveli,Coimbatore,Tirunelveli,322,Coimbatore → Tirunelveli,-136,100.0,645.1016666666667,Very High
TRIP00289,R023,OP007,BIKE,2026-06-21 14:15:00,2026-06-21 21:12:27.389146,1,56,56,52084.54,56,Erode To Bengaluru,Erode,Bengaluru,385,Erode → Bengaluru,-55,100.0,930.0810714285715,Very High
TRIP00290,R001,OP006,BUS,2025-05-25 14:30:00,2025-05-25 22:16:08.801053,50,55,169,191190.67,54,Pondicherry To Chennai,Pondicherry,Chennai,384,Pondicherry → Chennai,-119,100.0,1131.3057396449706,Very High
TRIP00291,R015,OP009,CAB,2026-06-27 07:45:00,2026-06-27 10:13:36.852950,5,48,130,53851.55,48,Tirunelveli To Coimbatore,Tirunelveli,Coimbatore,133,Tirunelveli → Coimbatore,-125,100.0,414.2426923076923,Very High
TRIP00292,R015,OP017,BIKE,2025-07-25 13:45:00,2025-07-25 15:40:30.321452,1,59,59,24841.34,58,Tirunelveli To Coimbatore,Tirunelveli,Coimbatore,133,Tirunelveli → Coimbatore,-58,100.0,421.03966101694914,Very High
TRIP00293,R002,OP011,CAB,2025-06-14 20:15:00,2025-06-15 02:51:45.595250,4,71,177,183356.31,70,Thanjavur To Coimbatore,Thanjavur,Coimbatore,370,Thanjavur → Coimbatore,-173,100.0,1035.9113559322034,Very High
TRIP00294,R003,OP003,CAB,2025-08-29 20:45:00,2025-08-30 07:23:22.560003,4,57,159,260490.43,57,Pondicherry To Erode,Pondicherry,Erode,537,Pondicherry → Erode,-155,100.0,1638.3045911949685,Very High
TRIP00295,R030,OP006,BIKE,2025-10-02 16:30:00,2025-10-02 18:17:57.348149,1,56,56,23196.59,56,Thanjavur To Pondicherry,Thanjavur,Pondicherry,112,Thanjavur → Pondicherry,-55,100.0,414.22482142857143,Very High
TRIP00296,R023,OP001,BUS,2026-11-06 21:30:00,2026-11-07 03:32:51.888240,30,55,178,164851.95,54,Erode To Bengaluru,Erode,Bengaluru,385,Erode → Bengaluru,-148,100.0,926.1345505617978,Very High
TRIP00297,R024,OP016,BIKE,2026-08-04 08:15:00,2026-08-04 16:18:46.495569,1,53,53,76463.22,52,Madurai To Thanjavur,Madurai,Thanjavur,544,Madurai → Thanjavur,-52,100.0,1442.7022641509434,Very High
TRIP00298,R020,OP013,BUS,2025-09-08 22:15:00,2025-09-09 05:12:12.962296,40,66,197,260151.98,66,Trichy To Thanjavur,Trichy,Thanjavur,422,Trichy → Thanjavur,-157,100.0,1320.5684263959392,Very High
TRIP00299,R027,OP012,BUS,2025-01-21 15:45:00,2025-01-22 01:52:06.428457,50,60,190,230821.0,60,Tirunelveli To Madurai,Tirunelveli,Madurai,599,Tirunelveli → Madurai,-140,100.0,1214.8473684210526,Very High
TRIP00300,R006,OP004,AUTO,2025-07-18 10:00:00,2025-07-18 12:50:34.465049,3,59,126,85211.79,59,Trichy To Salem,Trichy,Salem,180,Trichy → Salem,-123,100.0,676.2840476190476,Very High
